compound_id,unique_name,source
1,13-C UREA,ES
2,"2,5-DIAMINOTOLUENO",ES
3,ABACAVIR,ES
4,LAMIVUDINA,ES
5,DOLUTEGRAVIR S,ES
6,ZIDOVUDINA,ES
7,ABALOPARATIDA,ES
8,ABATACEPT,ES
9,ABEDUL EXTRACTO SECO CORTEZA (5-10 : 1): SOLVENTE DE EXTRACCION: N-HEPTANO 95% (P/P),ES
10,ABEMACICLIB,ES
11,ABIRATERONA,ES
12,NIRAPARIB TOSILATO,ES
13,ABROCITINIB,ES
14,ACALABRUTINIB,ES
15,ACALABRUTINIB MALEATO,ES
16,ACAMPROSATO,ES
17,ACARBOSA,ES
18,ACECLOFENACO,ES
19,ACECLOFENAC,MD
20,ACEITE ETIODADO,ES
21,ACEITE LAVANDULA ANGUSTIFOLIA MILL,ES
22,ACEITE RICINO,ES
23,ACEITE ROSMARINUS OFFICINALIS,ES
24,ACEITE SEMILLA SOJA,ES
25,TRIGLICERIDOS CADENA MEDIA,ES
26,ACEITE SOJA PURIFICADO,ES
27,ACEITE OLIVA,ES
28,ACEITE  PESCADO,ES
29,TRIGLICERIDOS OMEGA-3,ES
30,ACENOCOUMAROL,MD
31,ACENOCUMAROL,ES
32,ACETATO CALCIO,ES
33,ACETATO POTASIO,ES
34,ACETATO S,ES
35,ACETAZOLAMIDA,ES
36,ACETILCISTEINA,ES
37,ACETILCOLINA,ES
38,ACETILSALICILATO LISINA,ES
39,ACETILSALICILICO ACIDO,ES
40,ASCORBICO ACIDO,ES
41,ATORVASTATINA,ES
42,RAMIPRIL,ES
43,CLOPIDOGREL HIDROGENO,ES
44,CLORFENAMINA MALEATO,ES
45,FENILEFRINA BITARTRATO,ES
46,FENILEFRINA HIDRO,ES
47,ROSUVASTATINA,ES
48,TICAGRELOR,ES
49,ACETOHIDROXAMICO ACIDO,ES
50,ACETYLCYSTEIN,MD
51,ACEXAMATO ZINC,ES
52,ACHILLEA MILLEFOLI,ES
53,ACICLOVIR,ES
54,HIDROCORTISONA,ES
55,ACIDO DIMERCAPTOSUCCINICO,ES
56,ACIDO FOLICO HIDRATO,ES
57,ACIDO FUSIDICO,ES
58,ACIDO IBANDRONICO S,ES
59,ACIDO NUCLEICO ESPECIFICO SNA-HLA I,ES
60,ACIDO NUCLEICO ESPECIFICO SNA-HLA II,ES
61,ACIDO NUCLEICO ESPECIFICO SNA-HER1,ES
62,ACIDO NUCLEICO ESPECIFICO SNA-HER2,ES
63,DESOXIRRIBONUCLEICO ACIDO,ES
64,RIBONUCLEICO ACIDO,ES
65,ACIDO ZOLEDRONICO,ES
66,ACIDOS OMEGA 3 ESTERES ETILICOS,ES
67,ACIDUM ACETIC,ES
68,ACIDUM ACETYLSALICYLIC,MD
69,ACIDUM ALENDRONIC,MD
70,ACIDUM ARSENICOS,ES
71,ACIDUM FOLIC,MD
72,ACIDUM HYDROCHLORIC,ES
73,ACIDUM HYDROFLUORIC,ES
74,ACIDUM IBANDRONIC,MD
75,ACIDUM LACTIC,ES
76,ACIDUM NITRIC,ES
77,GALIUM APARINE,ES
78,URTICA URENS,ES
79,PHOSPHOR,ES
80,ECHINACEA,ES
81,APIS MELLIFICA,ES
82,SEDUM ACRE,ES
83,SEMPERVIVUM TECTORUM SSP. TECTOR,ES
84,CLEMATIS RECTA,ES
85,THUJA OCCIDENTALIS,ES
86,CALTHA PALUSTRIS,ES
87,ONONIS SPINOSA,ES
88,JUNIPERUS COMMUNIS,ES
89,HEDERA HELIX,ES
90,BETULA PENDULA,ES
91,CALCIUM FLUORAT,ES
92,AURUM METALLIC,ES
93,ARGENTUM METALLIC,ES
94,LYCOPODI,ES
95,BERBERIS VULGARIS,ES
96,SARSAPARILLA DIL.,ES
97,ACIDUM OXALIC,ES
98,ACIDUM PHOSPHORIC,ES
99,COFFEA ARABICA,ES
100,STRYCHNOS IGNATII,ES
101,PASSIFLORA INCARNATA,ES
102,TELLURIUM METALLIC,ES
103,PALLADIUM METALLIC,ES
104,ZALUZIANSKYA CAPENSIS,ES
105,MAGNESIUM METALLIC,ES
106,ACIDUM PICRINIC,ES
107,ACIDUM SALICYLIC,ES
108,ACIDUM SILICIC,ES
109,ATROPA BELLA DONNA,ES
110,BRYONIA,ES
111,GELSEMIUM SEMPERVIRENS,ES
112,MELILOTUS OFFICINALIS,ES
113,NATRIUM CARBONIC,ES
114,SPIGELIA ANTHELMIA,ES
115,NATRIUM DIETHYLOXALACETIC,ES
116,NADID,ES
117,SULFUR,ES
118,ACIDUM THIOCTIC,ES
119,RHUS TOXICODENDRON,ES
120,SANGUINARIA CANADENSIS,ES
121,CARTILAGO SUIS,ES
122,COENZYMA A,ES
123,EMBRYO TOTALIS SUIS,ES
124,FUNICULUS UMBILICALIS SUIS,ES
125,PLACENTA TOTALIS SUIS,ES
126,SOLANUM DULCAMARA,ES
127,SYMPHYTUM OFFICINALE,ES
128,ARNICA MONTANA,ES
129,ACIDUM SULFURIC,ES
130,ACIDUM URSODEOXYCHOLIC,MD
131,ACIDUM VALPROIC,MD
132,ACITRETINA,ES
133,ACLIDINIO BROMURO,ES
134,ACONITUM NAPELL,ES
135,ARISAEMA TRIPHYLL,ES
136,ATROPA BELLADONNA,ES
137,CALENDULA OFFICINALIS,ES
138,FERRUM PHOSPHORIC,ES
139,HEPAR SULFURIS,ES
140,KALIUM BICHROMIC,ES
141,MERCURIUS SOLUBILIS HAHNEMANNI,ES
142,POPULUS CANDICANS,ES
143,SPONGIA TOSTA,ES
144,ALLIUM CEPA,ES
145,ECHINACEA ANGUSTIFOLIA,ES
146,EUPATORIUM PERFOLIAT,ES
147,ACORAMIDIS HIDRO,ES
148,ACTAEA SPICATA,ES
149,ADALIMUMAB,ES
150,ADAPALENO,ES
151,BENZOILO PEROXIDO,ES
152,PEROXIDO DE BENZOILO HIDRATADO,ES
153,ADENOSINA,ES
154,ADENOSINA TRIFOSFATO DIS,ES
155,ADRENALINA,ES
156,ADRENALIN,ES
157,ADULARIA,ES
158,AESCULUS HIPPOCASTAN,ES
159,KRAMERIA TRIANDRA,ES
160,HAMAMELIS VIRGINIANA,ES
161,PAEONIA OFFICINALIS,ES
162,PAEONIA OFFICINALIS TINTURA MADRE,ES
163,HYDRASTIS CANADENSIS,ES
164,VIBURNUM PRUNIFOLI,ES
165,PULSATILLA,ES
166,SECALE CORNUT,ES
167,VIPERA BER,ES
168,SILYBUM MARIAN,ES
169,PULSATILLA PRATENSIS,ES
170,CORYLUS AVELLANA,ES
171,TUSSILAGO FARFARA,ES
172,AVENA SATIVA,ES
173,CINCHONA PUBESCENS,ES
174,CONIUM MACULAT,ES
175,KALIUM PHOSPHORIC,ES
176,RUTA GRAVEOLENS,ES
177,ANAMIRTA COCCUL,ES
178,AETHUSA CYNAPI,ES
179,AFAMELANOTIDA,ES
180,AFATINIB,ES
181,AFLIBERCEPT,ES
182,AGALSIDASA ALFA,ES
183,AGALSIDASA BETA,ES
184,AGNI CASTI FRUTO EXTRACTO SECO,ES
185,AGNUS CASTUS EXTO SECO,ES
186,AGOMELATINA,ES
187,AGOMELATINA ACIDO CITRICO,ES
188,AGRAPHIS NUTANS,ES
189,AGUA PARA PREPARACIONES INYECTABLES,ES
190,CABAZITAXEL,ES
191,MECASERMINA,ES
192,AILANTHUS ALTISSIMA,ES
193,AIRE AMBIENTAL,ES
194,ALANTOINA,ES
195,DEXCLORFENIRAMINA MALEATO,ES
196,ALBENDAZOL,ES
197,ALBENDAZOL,MD
198,ALBUMINA HUMANA,ES
199,ALBUMINA,ES
200,PROTEINA PLASMATICA HUMANA,ES
201,ALBUTREPENONACOG ALFA,ES
202,ALCANFOR,ES
203,MENTOL,ES
204,SALICILATO DIETILAMINA,ES
205,SALICILATO METILO,ES
206,ESENCIA TREMENTINA,ES
207,SALICILICO ACIDO,ES
208,NICOTINATO METILO,ES
209,TIMOL,ES
210,ESENCIA EUCALIPTO,ES
211,ALDESLEUCINA,ES
212,ALECTINIB HIDRO,ES
213,ALEMTUZUMAB,ES
214,ALENDRONATO S,ES
215,ALENDRONICO ACIDO,ES
216,COLECALCIFEROL,ES
217,ALETRIS FARINOSA,ES
218,ALFA-1-ANTITRIPSINA,ES
219,ALFACALCIDOL,ES
220,ALFALFA,ES
221,ALFUZOSINA HIDRO,ES
222,ALGLUCOSIDASA ALFA,ES
223,ALIMEMAZINA TARTRATO,ES
224,ALIROCUMAB,ES
225,ALISKIRENO,ES
226,ALITRETINOINA,ES
227,ALLIUM SATIV,ES
228,ALLOPURINOL,MD
229,ALLOXAN,ES
230,ALMAGATO,ES
231,ALMOTRIPTAN,ES
232,ALOE,ES
233,ALOGLIPTINA,ES
234,ALOPURINOL,ES
235,ALPELISIB,ES
236,ALPRAZOL,ES
237,ALPROSTA,ES
238,ALTEPLASA,ES
239,ALTHAEA OFFICINALIS L. EXTRACTO SECO,ES
240,PLANTAGO LANCEOLATA L. EXTRACTO SECO,ES
241,TILIA CORDATA MILLER,ES
242,TILIA PLATYPHYLLOS SCOP.,ES
243,TILIA X VULGARIS HEYNE,ES
244,FLOR,ES
245,TOMILLO EXTRACTO SECO,ES
246,ALTIZIDA,ES
247,ESPIRONOLACTONA,ES
248,ALUMINIUM OXYDAT,ES
249,CAUSTICUM HAHNEMANNI,ES
250,LYTTA VESICATORIA,ES
251,PLUMBUM ACETIC,ES
252,SERENOA REPENS,ES
253,AMANITA MUSCARIA,ES
254,AMANTADINA HIDRO,ES
255,AMBRA GRISEA,ES
256,PETROLEUM RECTIFICAT,ES
257,AMBRISENTAN,ES
258,AMBROSIA ARTEMISIAEFOLIA,ES
259,AMBROXOL,ES
260,AMBROXOL HIDRO,ES
261,AMBROXOL,MD
262,AMFOTERICINA B,ES
263,AMIDOTRIZOATO CALCIO,ES
264,AMIDOTRIZOATO S,ES
265,AMIDOTRIZOATO MEGLUMINA,ES
266,AMIFAMPRIDINA,ES
267,AMIKACINA,ES
268,AMILASA,ES
269,LIPASA,ES
270,DIMETICONA,ES
271,PROTEASA,ES
272,AMINOLEVULINATO METILO,ES
273,AMINOLEVULINICO ACIDO,ES
274,AMINOLEVULINICO HIDRO,ES
275,AMINOPHYLLIN,MD
276,AMIODARONA HIDRO,ES
277,AMIODARON,MD
278,AMISULPRIDA,ES
279,AMITRIPTILINA,ES
280,AMITRIPTILINA HIDRO,ES
281,AMITRIPTYLIN,MD
282,AMIVANTAMAB,ES
283,AMLODIPINO BESILATO,ES
284,CANDESARTAN CILEXETILO,ES
285,OLMESARTAN MEDOXOMILO,ES
286,PERINDOPRIL  ARGININA,ES
287,AMLODIPIN,MD
288,AMLODIPINUM+VALSARTAN,MD
289,AMMONIUM BROMAT,ES
290,CUPRUM SULFURIC,ES
291,MAGNESIUM PHOSPHORIC,ES
292,ATROPINUM SULFURIC,ES
293,CITRULLUS COLOCYNTHIS,ES
294,VERATRUM ALB,ES
295,MATRICARIA RECUTITA,ES
296,AMMONIUM CARBONIC,ES
297,AMMONIUM CHLORAT,ES
298,AMMONIUM PHOSPHORIC,ES
299,AMOROLFINA HIDRO,ES
300,AMOXICILINA,ES
301,AMOXICILINA SODICA,ES
302,CLAVULANATO POTASIO,ES
303,BROMHEXINA,ES
304,BROMHEXINA HIDRO,ES
305,CLAVULANATO POTASIO DILUIDO CON CELULOSA MICROCRISTALINA,ES
306,CLAVULANATO POTASIO DILUIDO CON SILICE COLOIDAL HIDRATADA,ES
307,CLAVULANICO ACIDO,ES
308,AMOXICILLIN,MD
309,AMOXICILLINUM+ACIDUM CLAVULANIC,MD
310,AMPICILINA SODICA,ES
311,SULBACT,ES
312,AMPICILINA,ES
313,AMPICILLIN,MD
314,AMYLIUM NITROS,ES
315,ANAGALLIS ARVENSIS,ES
316,ANAGRELIDA,ES
317,ANAGRELIDA HIDRO,ES
318,ANAKINRA,ES
319,NICOTIANA TABAC,ES
320,STRYCHNOS NUX-VOMICA,ES
321,ANAS BARBARIAE HEPATIS ET CORDIS EXTRACT,ES
322,ANASTROZOL,ES
323,ANASTROZOL,MD
324,ANDEXANET ALFA,ES
325,ANGELICA ARCHANGELICA RAIZ,ES
326,ESENCIA  PIMPINELLA ANIS,ES
327,MANZANILLA,ES
328,ESENCIA DE OREGANO,ES
329,CORIANDRO,ES
330,HISOPO OFICINAL,ES
331,ESENCIA MELISSA OFICINALIS,ES
332,ESENCIA ROSMARINUS OFFICINALIS,ES
333,ESENCIA TOMILLO,ES
334,HIERBA LUISA,ES
335,TILA,ES
336,ESENCIA DE AZAHAR,ES
337,CANELA,ES
338,NUEZ MOSCADA,ES
339,ETANOL,ES
340,MELISSA OFFICINALIS HOJAS,ES
341,ESENCIA CANELA,ES
342,ESENCIA NARANJA,ES
343,ESENCIA LIMON,ES
344,ESENCIA HIERBA LUISA,ES
345,ESENCIA VAINILLLA,ES
346,ESENCIA BERGAMOTA,ES
347,ESENCIA ALMENDRAS AMARGAS,ES
348,MENTA PIPERITA,ES
349,ACEITE ESENCIAL DE,ES
350,MATRICARIA RECUTITA L.RAUSCHERT,ES
351,CARDO MARIANO,ES
352,CELIDONIA  MAYOR,ES
353,GLYCYRRHIZA GLABRA,ES
354,ALCARAVEA,ES
355,IBERIS AMARA,ES
356,MENTHA PULEGI,ES
357,ANGIOTENSINA II,ES
358,ANGUSTURA VERA,ES
359,ANIDULAFUNGINA,ES
360,ANIFROLUMAB,ES
361,ANTI-ESCHERICHIA COLI SER,ES
362,ANTIGENO HEPATITIS A,ES
363,ALUMINIO,ES
364,ANTIGENO SUPERFICIE HEPATITIS B,ES
365,ANTIGENO OLIGOSACARIDO MENINGOCOCO GRUPO C,ES
366,ANTIGENO OLIGOSACARIDO MENINGOCOCO GRUPO A,ES
367,ANTIGENO OLIGOSACARIDO MENINGOCOCO GRUPO W135,ES
368,ANTIGENO OLIGOSACARIDO MENINGOCOCO GRUPO Y,ES
369,ANTIGENO POLISACARIDO MENINGOCOCO GR Y,ES
370,ANTIGENO POLISACARIDO MENINGOCOCO GR W-135,ES
371,ANTIGENO POLISACARIDO MENINGOCOCO GRUPO A,ES
372,ANTIGENO POLISACARIDO MENINGOCOCO GRUPO C,ES
373,ANTIGENO RECOMBINANTE DE LA GLICOPROTEINA E (GE) DEL VIRUS DE LA VARICELA ZOSTER (VVZ),ES
374,ANTIGENO SALMONELLA TYPHI POLISACARIDO CAPSULAR VI,ES
375,ANTITROMBINA III,ES
376,ANTITROMBINA III HUMANA,ES
377,ANTRAQUINONA GLUCOSIDOS,ES
378,APALUTAMIDA,ES
379,APATITE 170C,ES
380,APATITE 70C,ES
381,APATITE 700000K,ES
382,APIXABAN,ES
383,APIXABAN,MD
384,APOCYNUM CANNABIN,ES
385,APOMORFINA HIDRO,ES
386,APRACLONIDINA,ES
387,APRACLONIDINA HIDRO,ES
388,APREMILAST,ES
389,APREPITANT,ES
390,APROTININA,ES
391,CALCIO,ES
392,FIBRINOGENO HUMANO,ES
393,TROMBINA HUMANA,ES
394,ARALIA RACEMOSA,ES
395,ARANDANO ROJO PURIFICADO EXTRACTO SECO,ES
396,ARANEA DIADEMA,ES
397,ARCTOSTAPHYLOS UVA-URSI,ES
398,ARGATROBAN,ES
399,CUPRUM METALLIC,ES
400,FERRUM METALLIC,ES
401,ARGENTUM METALLICUM 3LM,ES
402,ARGENTUM METALLICUM 6LM,ES
403,ARGENTUM NITRIC,ES
404,CAUSTIC,ES
405,PSYCHOTRIA IPECACUANHA,ES
406,SEMECARPUS ANACARDI,ES
407,ROBINIA PSEUDOACACIA,ES
408,ARGIPRESINA,ES
409,ARIPIPRAZOL,ES
410,ARIPIPRAZOL,MD
411,BROM,ES
412,MERCURIUS SOLUBILIS,ES
413,PHYTOLACCA DECANDRA,ES
414,ACTAEA RACEMOSA,ES
415,GLONOIN,ES
416,LACHESIS MUT,ES
417,CALCAREA PHOSPHORICA,ES
418,HYPERICUM PERFORAT,ES
419,LEDUM PALUSTRE,ES
420,DROSERA,ES
421,HYDRARGYRUM BICYANAT,ES
422,PHYTOLACCA AMERICANA,ES
423,ARNICA MONTANA EXTRACTO LIQUIDO,ES
424,ARSENICO TRIOXIDO,ES
425,ARSENICUM ALB,ES
426,CARBO VEGETABILIS,ES
427,SISYMBRIUM OFFICINALE,ES
428,MANGANUM PEROXYDAT,ES
429,OLIBAN,ES
430,PIMPINELLA ANIS,ES
431,ERIODICTYON CALIFORNIC,ES
432,NATRIUM SULFURIC,ES
433,ARSENUM IODAT,ES
434,LOBELIA INFLATA,ES
435,LUFFA OPERCULATA,ES
436,ARTEMISIA ABROTAN,ES
437,ARTEMISIA ABSINTHI,ES
438,ARTEMISIA CINA,ES
439,ARTEMISIA VULGARIS,ES
440,ARTENIMOL,ES
441,PIPERAQUINA TETRAFOSFATO TETRAHIDRATO,ES
442,ARTESUNATO,ES
443,ARUNDO DONAX,ES
444,ASA FOETIDA,ES
445,HEKLA LAVA E LAVA,ES
446,KALIUM IODAT,ES
447,ASCIMINIB HIDRO,ES
448,ASCLEPIAS TUBEROSA,ES
449,ASCORBATO S,ES
450,DICLOROBENCILICO ALCOHOL,ES
451,AMILMETACRESOL,ES
452,ASENAPINA MALEATO,ES
453,ASFOTASA ALFA,ES
454,ASPARTATO ARGININA,ES
455,CIPROHEPTADINA CETOGLUTARATO,ES
456,ASTERIAS RUBENS,ES
457,ATALURENO,ES
458,ATAZANAVIR,ES
459,ATENOLOL,ES
460,ATEZOLIZUMAB,ES
461,ATIDARSAGEN AUTOTEMCEL,ES
462,ATOGEPANT,ES
463,ATOMOXETINA HIDRO,ES
464,EZETIMIBA,ES
465,ATOSIBAN,ES
466,ATOVACUONA,ES
467,PROGUANIL HIDRO,ES
468,ATRACURIO BESILATO,ES
469,EUPHRASIA,ES
470,HYDRARGYRUM CHLORAT,ES
471,SAMBUCUS NIGRA,ES
472,SABADILLA,ES
473,CHELIDONIUM MAJ,ES
474,VALERIANA OFFICINALIS,ES
475,VIBURNUM OPUL,ES
476,ATROPINA,ES
477,ATROPIN,ES
478,AURUM CHLORAT,ES
479,AURUM IODAT,ES
480,QUARZ,ES
481,CHAMAELIRIUM LUTE,ES
482,AVACOPAN,ES
483,AVALGLUCOSIDASA ALFA,ES
484,AVANAFILO,ES
485,AVAPRITINIB,ES
486,AVATROMBOPAG MALEATO,ES
487,AVELUMAB,ES
488,SELENI,ES
489,CHAMOMILLA RECUTITA DIL.,ES
490,ESCHSCHOLTZIA CALIFORNICA,ES
491,HUMULUS LUPUL,ES
492,IGNATIA,ES
493,VALERIANA,ES
494,ZINCUM VALERIANICUM DIL.,ES
495,AXICABTAGEN CILOLEUCEL,ES
496,AXITINIB,ES
497,AZACITIDINA,ES
498,AZATIOPRINA,ES
499,AZELAICO ACIDO,ES
500,AZELASTINA HIDRO,ES
501,FLUTICASONA PROPIONATO,ES
502,AZILSARTAN MEDOXOMILO,ES
503,AZITHROMYCIN,MD
504,AZITROMICINA,ES
505,AZTREON,ES
506,AVIBACTAM S,ES
507,AZUL PATENTE V,ES
508,"BACILO CALMETTE-GUERIN,CEPA DANESA 1331",ES
509,VIVO ATENUADO,ES
510,BACITRACINA-ZINC,ES
511,ESENCIA NIAULI,ES
512,NEOMICINA,ES
513,PREDNISOLONA,ES
514,ACEITE EUCALIPTO,ES
515,CLOROBUTANOL,ES
516,BACLOFENO,ES
517,BALSAMO PERU,ES
518,POTASIO DICROMATO,ES
519,DISULFIR,ES
520,TETRAMETILURAMO DISULFURO,ES
521,TIOMERSAL,ES
522,NIQUEL,ES
523,P-HIDROXIBENZOATO DE PROPILO,ES
524,COLOFONIA,ES
525,TETRACAINA HIDRO,ES
526,BACITRACINA,ES
527,P-HIDROXIBENZOATO DE METILO,ES
528,BENZOCAINA,ES
529,TIXOCORTOL PIVALATO,ES
530,CINCOCAINA HIDRO,ES
531,CLIOQUINOL,ES
532,CLORQUINALDOL,ES
533,COBALTO,ES
534,BUDESONIDA,ES
535,HIDROCORTISONA BUTIRATO,ES
536,EUGENOL,ES
537,BRONOPOL,ES
538,METILCLOROISOTIAZOLINONA,ES
539,METILDIBROMO-GLUTARONITRILO,ES
540,LANOLINA,ES
541,ALCOHOLES DE,ES
542,DIFENILGUANIDINA,ES
543,ZINC DIETILDITIOCARBAMATO,ES
544,ZINC DIBUTILDITIOCARBAMATO,ES
545,PARAFENILENDIAMINA,ES
546,PARAFENILENDIAMINA ISOPROPILFENIL,ES
547,PARAFENILENDIAMINA DIFENIL,ES
548,CINAMALDEHIDO,ES
549,ALFA AMILCINAMALDEHIDO,ES
550,ISOEUGENOL,ES
551,CINAMILICO ALCOHOL,ES
552,HIDROXICITRONELAL,ES
553,GERANIOL,ES
554,MUSGO DE ENCINA,ES
555,MERCAPTOBENZOTIAZOL,ES
556,MERCAPTOBENZOTIAZOL MORFOLINIL,ES
557,RESINA DE BUTILFENOL FORMALDEHIDO,ES
558,QUATERNIUM-15,ES
559,SUCCINIMIDA HIDROXIMETIL,ES
560,CICLOHEXILBENZOTIAZIL SULFENAMIDA,ES
561,DIBENZOTIAZIL DISULFIDA,ES
562,P-HIDROXIBENZOATO DE ETILO,ES
563,P-HIDROXIBENZOATO DE BUTILO,ES
564,P-HIDROXIBENZOATO DE BENCILO,ES
565,TETRAMETILTIURAMO MONOSULFURO,ES
566,DIPENTAMETILENETIURAMIO DISULFURO,ES
567,RESINA EPOXI,ES
568,UREA DIAZOLIDINIL,ES
569,AUROTIOSULFATO S,ES
570,UREA IMIDAZOLIDINIL,ES
571,PARTENOLIDA,ES
572,AZUL DISPERSO,ES
573,ETILENDIAMINA DIHIDRO,ES
574,BAPTISIA TINCTORIA,ES
575,BARDANA,ES
576,BARICITINIB,ES
577,BARIO,ES
578,BARIUM CARBONIC,ES
579,BARIUM IODAT,ES
580,BARNIDIPINO HIDRO,ES
581,BARYTA MURIATICA,ES
582,BASILIXIMAB,ES
583,BAZEDOXIFENO,ES
584,BCG ATENUADO,ES
585,BCG CULTIVO VIVO DESECADO,ES
586,BECLOMETASONA DIPROPIONATO,ES
587,FORMOTEROL FUMARATO,ES
588,BEDAQUILINA FUMARATO,ES
589,BELANTAMAB MAFODOTINA,ES
590,BELATACEPT,ES
591,BELIMUMAB,ES
592,BELLADONNA,ES
593,CHAMOMILLA TRIT.,ES
594,FERRUM PHOSPHORICUM TRIT.,ES
595,BELLIS PERENNIS,ES
596,BELUMOSUDIL MESILATO,ES
597,BELZUTIFAN,ES
598,BEMIPARINA SODICA,ES
599,BEMPEDOICO ACIDO,ES
600,BENCIDAMINA HIDRO,ES
601,CETILPIRIDINIO,ES
602,BENCILPENICILINA PROCAINA,ES
603,BENCILPENICILINA SODICA,ES
604,BENCILPENICILINA-BENZATINA,ES
605,BENDAMUSTINA HIDRO,ES
606,BENFOTIAMINA,ES
607,BENRALIZUMAB,ES
608,BENZALCONIO,ES
609,HIDROCORTISONA HEMISUCCINATO,ES
610,BENZATHINIBENZYLPENICILLINUM PLUS BENZYLPENICILLIN,MD
611,BENZBROMARONA,ES
612,CLORHEXIDINA DIHIDRO,ES
613,BENZOICUM ACID,ES
614,LITHIUM CARBONIC,ES
615,RANUNCULUS BULBOS,ES
616,ACIDUM FORMICIC,ES
617,CALCIUM PHOSPHORIC,ES
618,RHODODENDRON D 4,ES
619,BEREMAGEN GEPERPAVEC,ES
620,BERILO AZUL,ES
621,BERILO ROJO,ES
622,BERILO VERDE,ES
623,BEROTRALSTAT DIHIDRO,ES
624,BESILESOMAB,ES
625,BETAHISTINA DIHIDRO,ES
626,BETAINA ANHIDRA,ES
627,BETAMETASONA,ES
628,BETAMETASONA 17-VALERATO,ES
629,BETAMETASONA FOSFATO S,ES
630,BETAMETASONA DIPROPIONATO,ES
631,CALCIPOTRIOL,ES
632,CLOTRIMAZOL,ES
633,BETAMETHASONUM + ACIDUM SALICYLIC,MD
634,BETAXOLOL HIDRO,ES
635,BETIATIDA,ES
636,BEVACIZUMAB,ES
637,BEXAROTENO,ES
638,BEZAFIBRATO,ES
639,BEZLOTOXUMAB,ES
640,BIBROCATOL,ES
641,BICALUTAMIDA,ES
642,BICALUTAMID,MD
643,BIFONAZOL,ES
644,BILASTINA,ES
645,BIMATOPROST,ES
646,BIMEKIZUMAB,ES
647,BINIMETINIB,ES
648,BIOTINA,ES
649,BIPERIDENO,ES
650,BIPERIDENO HIDRO,ES
651,BISACODILO,ES
652,BISMUTO SUBCITRATO COLOIDAL,ES
653,BISMUTUM SUBNITRIC,ES
654,BISOPROLOL FUMARATO,ES
655,BISOPROLOL HEMIFUMARATO,ES
656,BISOPROLOL,MD
657,BIVALIRUDINA,ES
658,BLACK STAR SAPPHIRE,ES
659,BLACK TOURMALINE,ES
660,IMPERIAL TOPAZ,ES
661,BLATTA ORIENTALIS,ES
662,BLEOMICINA,ES
663,BLINATUMOMAB,ES
664,BLUE TOPAZ,ES
665,BORTEZOMIB,ES
666,BOSENTAN,ES
667,BOSUTINIB,ES
668,BOTHROPS LANCEOLAT,ES
669,BREA HULLA,ES
670,BRENTUXIMAB VEDOTINA,ES
671,BRETOVAMERAN,ES
672,BREXPIPRAZOL,ES
673,BREXUCABTAGEN AUTOLEUCEL,ES
674,BRIGATINIB,ES
675,BRIMONIDINA,ES
676,BRIMONIDINA TARTRATO,ES
677,BRIMONIDINUM+TIMOLOL,MD
678,BRINZOLAMIDA,ES
679,BRINZOLAMID,MD
680,BRIVARACET,ES
681,BRIVUDINA,ES
682,BRODALUMAB,ES
683,BROLUCIZUMAB,ES
684,BROMAZEP,ES
685,BROMFENACO,ES
686,BROMOCRIPTINA MESILATO,ES
687,BROMOCRIPTIN,MD
688,BROMURO DE IPRATROPIO MONOHIDRATADO,ES
689,BROTIZOL,ES
690,DIOSCOREA VILLOSA,ES
691,PODOPHYLLUM PELTAT,ES
692,ANTIMONIUM TARTARIC,ES
693,COCCUS CACTI,ES
694,IPECA,ES
695,RUMEX CRISP,ES
696,STICTA PULMONARIA,ES
697,KALIUM STIBYLTARTARIC,ES
698,STIBIUM SULFURATUM AURANTIAC,ES
699,OENANTHE AQUATICA,ES
700,RESINA PICE,ES
701,MARSDENIA CUNDURANGO,ES
702,SOLIDAGO VIRGAUREA,ES
703,HYOSCYAMUS NIGER,ES
704,LOBARIA PULMONARIA,ES
705,KREOSOT,ES
706,HYDRARGYRUM BICHLORAT,ES
707,SILICEA,ES
708,SOLIDAGO VIRGAUREA TINTURA MADRE,ES
709,VISCUM ALBUM TINTURA MADRE,ES
710,COLCHICUM AUTUMNALE,ES
711,NATRUM SALICYLIC,ES
712,LACHESIS,ES
713,NUX VOMICA,ES
714,CHINA RUBRA D 4,ES
715,BRYONIA 30,ES
716,LYCOPODIUM CLAVAT,ES
717,EUCALYPTUS GLOBUL,ES
718,POLYGALA SENEGA,ES
719,GELSEMI,ES
720,CAMPHORA,ES
721,BAPTISIA,ES
722,ACONIT,ES
723,CORALLIUM RUBR,ES
724,AMMONIUM CAUSTIC,ES
725,CHAMOMILLA,ES
726,DACTYLOPIUS COCC,ES
727,THYMUS VULGARIS,ES
728,CUPRUM ACETIC,ES
729,BRYONIA DIL.,ES
730,DROSERA DIL.,ES
731,PSYCHOTRIA IPECACUANHA DIL.,ES
732,STIBIUM SULFURATUM AURANTIACUM DIL.,ES
733,EUCALYPTUS DIL.,ES
734,BRYONIA TINTURA MADRE,ES
735,CALENDULA OFFICINALIS TINTURA MADRE,ES
736,PHYTOLACCA DECANDRA TINTURA MADRE,ES
737,BENZOIN SIAM TINTURA MADRE,ES
738,BUDESONID,MD
739,BUDESONIDUM+FORMOTEROL,MD
740,BUFO RANA,ES
741,BULEVIRTIDA,ES
742,BUMETANIDA,ES
743,BUPIVACAINA HIDRO,ES
744,EPINEFRINA,ES
745,EPINEFRINA BITARTRATO,ES
746,BUPRENORFINA,ES
747,BUPRENORFINA HIDRO,ES
748,NALOXONA HIDRO,ES
749,BUPROPION HIDRO,ES
750,BUROSUMAB,ES
751,BUSERELINA,ES
752,BUSULFANO,ES
753,BUTILESCOPOLAMINA BROMURO,ES
754,CABAZITAXEL 2-PROPANOL SOLVATO,ES
755,CABERGOLINA,ES
756,CABERGOLIN,MD
757,CABOTEGRAVIR,ES
758,CABOTEGRAVIR S,ES
759,CABOZANTINIB,ES
760,CACAHUETE POLVO DESENGRASADO,ES
761,SEMILLAS,ES
762,CADMIUM METALLIC,ES
763,CADMIUM SULFURIC,ES
764,CAFEINA,ES
765,CAFEINA ANHIDRA,ES
766,CODEINA FOSFATO,ES
767,PROPIFENAZONA,ES
768,CAFEINA CITRATO,ES
769,TIAMINA HIDRO,ES
770,ERGOTAMINA TARTRATO,ES
771,CAJUPUT,ES
772,CALCAREA CARBONICA OSTREAR,ES
773,CALCAREA IODATA,ES
774,JUGLANS REGIA,ES
775,NATRUM PHOSPHORIC,ES
776,RUBIA TINCTOR,ES
777,CALCAREA FLUORICA,ES
778,SULFUR IODAT,ES
779,CALCAREA SILICATA,ES
780,CALCIFEDIOL,ES
781,CALCIO CARBONATO,ES
782,ALGINATO S,ES
783,S,ES
784,HIDROGENOCARBONATO DE,ES
785,MAGNESIO CARBONATO,ES
786,CALCIO FLUORURO,ES
787,MANGANUM SULFURIC,ES
788,SCHOENOCAULON OFFICINALE,ES
789,KALIUM SULFURIC,ES
790,SILICA,ES
791,CINNABARIS,ES
792,CALCIO FOSFATO,ES
793,CALCITONINA SALMON SINTETICA,ES
794,CALCITRIOL,ES
795,CALCIUM CARBONICUM HAHNEMANNI,ES
796,PLANTAGO MAJOR,ES
797,CALCIUM FLUORIC,ES
798,CALCIUM IODAT,ES
799,CALCIUM PHOSPHORICUM TRIT.,ES
800,CALCIUM SULFURIC,ES
801,ECHINACEA PURPUREA,ES
802,LEDUM PALUSTRE TINTURA MADRE,ES
803,CALVATIA GIGANTEA,ES
804,CAMELLIA SINENSIS,ES
805,CAMPHORA OLEOS,ES
806,ACHILLEA MILLEFOLIUM OLEOS,ES
807,ARNICA MONTANA OLEOS,ES
808,ATROPA BELLA-DONNA OLEOS,ES
809,CALENDULA OFFICINALIS OLEOS,ES
810,ECHINACEA OLEOS,ES
811,HAMAMELIS VIRGINIANA OLEOS,ES
812,HYPERICUM PERFORATUM OLEOS,ES
813,RHUS TOXICODENDRON OLEOS,ES
814,SOLANUM DULCAMARA OLEOS,ES
815,STRYCHNOS NUX-VOMICA OLEOS,ES
816,CANAGLIFLOZINA,ES
817,CANAKINUMAB,ES
818,CANDESARTAN,ES
819,HIDROCLOROTIAZIDA,ES
820,CANDIDA ALBICANS,ES
821,CANGRELOR,ES
822,CANNABIDIOL,ES
823,CANNABIS SATIVA,ES
824,CAPECITABINA,ES
825,CAPIVASERTIB,ES
826,CAPLACIZUMAB,ES
827,CAPMATINIB DIHIDRO,ES
828,CAPSAICINA,ES
829,CAPSELLA BURSA-PASTORIS,ES
830,CAPSICUM ANNU,ES
831,CAPSICUM OLEORRESINA,ES
832,CAPTOPRIL,ES
833,CARBAMAZEPINA,ES
834,CARBAMAZEPIN,MD
835,CARBETOCINA,ES
836,CARBIMAZOL,ES
837,CARBO ANIMALIS,ES
838,CARBOCISTEINA,ES
839,CARBOCISTEINA LISINA,ES
840,CARBOCISTEIN,MD
841,CARBOLICUM ACID,ES
842,CARBOMERO,ES
843,CARBON ACTIVO,ES
844,CARBON ADSORBENTE,ES
845,CARBONEUM SULFURAT,ES
846,CARBONO-99M TC (AEROSOL),ES
847,CARBOPLATINO,ES
848,CARFILZOMIB,ES
849,CARGLUMICO ACIDO,ES
850,CARIPRAZINA HIDRO,ES
851,CARMELOSA SODICA,ES
852,CARMIN DE INDIGO,ES
853,CARMUSTINA,ES
854,CARNITINA HIDRO,ES
855,CIPROHEPTADINA HIDRO,ES
856,LISINA HIDRO,ES
857,CARRAGAHEN,ES
858,TITANIO OXIDO,ES
859,LIDOCAINA,ES
860,CARTEOLOL HIDRO,ES
861,CARVEDILOL,ES
862,CARVEDILOL,MD
863,CASCARA SAGRADA,ES
864,ALOE FEROX POLVO,ES
865,CASPOFUNGINA,ES
866,CASSIA ANGUSTIFOLIA EXTO LIQUIDO,ES
867,CILANTRO EXTO LIQUIDO,ES
868,MANZANA EXTO LIQUIDO,ES
869,CASSIA ANGUSTIFOLIA HOJA O FOLIOLA,ES
870,FUCUS VESICULOS,ES
871,CASSIA ANGUSTIFOLIA FRUTOS,ES
872,RHAMNUS FRANGULA L. POLVO,ES
873,CASSIA ANGUSTIFOLIA POLVO,ES
874,RHAMNUS  FRANGULA L. CORTEZA,ES
875,LINUM USITATISSIMUM (SEMILLA),ES
876,CASTOR EQUI TINTURA MADRE,ES
877,CATRIDECACOG,ES
878,CATUMAXOMAB,ES
879,CAULOPHYLLUM THALICTROIDES,ES
880,CAVIA COBAYA LUNG HISTAMINE,ES
881,CEANOTHUS AMERICAN,ES
882,CEFACLOR,MD
883,CEFADROXILO,ES
884,CEFALEXINA,ES
885,CEFALEXIN,MD
886,CEFAZOLINA,ES
887,CEFAZOLINA SODICA,ES
888,CEFDITORENO  PIVOXILO,ES
889,CEFEPIMA,ES
890,CEFEPIMA DIHIDRO,ES
891,ENMETAZOBACT,ES
892,CEFIDEROCOL SULFATO TOSILATO,ES
893,CEFIXIMA,ES
894,CEFIXIM,MD
895,CEFOPERAZON,MD
896,CEFOTAXIMA,ES
897,CEFOTAXIMA SODICA,ES
898,LIDOCAINA HIDRO,ES
899,CEFOXITINA SODICA,ES
900,CEFPODOXIM,MD
901,CEFPROZIL,MD
902,CEFTAROLINA FOSAMILO,ES
903,CEFTAZIDIMA,ES
904,CEFTAZIDIMA PENTAHIDRATO,ES
905,CEFTOBIPROL MEDOCARILO,ES
906,CEFTRIAXONA,ES
907,CEFTRIAXONA SODICA,ES
908,CEFTRIAXON,MD
909,CEFUROXIMA,ES
910,CEFUROXIMA AXETILO,ES
911,CEFUROXIMA SODICA,ES
912,CEFUROXIM,MD
913,CELECOXIB,ES
914,CELULAS EPITELIALES CORNEALES HUMANAS AUTOLOGAS,ES
915,EXPANDIDAS EX VIVO,ES
916,ENTRE LAS QUE SE ENCUENTRAN CELULAS MADRE,ES
917,CEMIPLIMAB,ES
918,CEMIVAMERAN,ES
919,CENEGERMINA,ES
920,CENOBAMATO,ES
921,CENTELLA ASIATICA,ES
922,CENTELLA ASIATICA EXTO,ES
923,CERITINIB,ES
924,CERLIPONASA ALFA,ES
925,CERTOLIZUMAB PEGOL,ES
926,ETANOL (70%),ES
927,ETANOL (96%),ES
928,CETIRIZINA,ES
929,CETIRIZINA DIHIDRO,ES
930,CETIRIZINA HIDRO,ES
931,CETIRIZIN,MD
932,CETRIMONIO,ES
933,CETRORELIX,ES
934,CETUXIMAB,ES
935,PLUMBUM METALLIC,ES
936,DELPHINIUM STAPHISAGRIA,ES
937,CICUTA VIROSA,ES
938,AVENA SATIVA TM,ES
939,IGNATIA AMARA,ES
940,SUMBUL,ES
941,MYRISTICA FRAGRANS,ES
942,CHIMAPHILA UMBELLATA,ES
943,CHININUM ARSENICOS,ES
944,CHININUM SULFURIC,ES
945,CHLORAL,ES
946,CHOLESTEROL,ES
947,CHONDRODENDRON,ES
948,CHRYSOLITE,ES
949,CIANOCOBALAMINA,ES
950,CICLESONIDA,ES
951,CICLOBENZAPRINA HIDRO,ES
952,CICLOFOSFAMIDA,ES
953,CICLOPENTOLATO HIDRO,ES
954,CICLOPIROX,ES
955,CICLOPIROX OLAMINA,ES
956,CICLOSILICATO DE SODIO Y ZIRCONIO,ES
957,CICLOSPORINA,ES
958,CICLOSPORINA  PARA MICROEMULSION,ES
959,CIDOFOVIR,ES
960,CILASTATINA SODICA,ES
961,IMIPEN,ES
962,RELEBACT,ES
963,CILOSTAZOL,ES
964,CILTACABTAGEN AUTOLEUCEL,ES
965,CIMICIFUGA,ES
966,CYCLAMEN D 6,ES
967,DIGITALIS PURPUREA,ES
968,IRIS VERSICOLOR,ES
969,CIMICIFUGA RACEMOSA,ES
970,CIMICIFUGA RACEMOSA EXTO SECO,ES
971,CINACALCET HIDRO,ES
972,CINARIZINA,ES
973,DIHIDROERGOCRISTINA MESILATO,ES
974,CINCHONA PUBESCENS D 4,ES
975,CINITAPRIDA,ES
976,CINITAPRIDA HIDROGENO TARTRATO,ES
977,CINITAPRIDA TARTRATO ACIDO,ES
978,CIPAGLUCOSIDASA ALFA,ES
979,CIPROFLOXACINO,ES
980,CIPROFLOXACINO HIDRO,ES
981,CIPROFLOXACIN,MD
982,CIPROTERONA,ES
983,ETINILESTRADIOL,ES
984,CISATRACURIO BESILATO,ES
985,CISPLATINO,ES
986,CISTINA,ES
987,CITALOPR,ES
988,CITALOPRAM HIDROBROMURO,ES
989,CITARABINA,ES
990,DAUNORUBICINA HIDRO,ES
991,CITICOLINA,ES
992,CITICOLINA SODICA,ES
993,CITISINA,ES
994,CITISINICLINA,ES
995,CITRATO POTASIO,ES
996,CITRATO,ES
997,CITRATO S,ES
998,LAURILSULFOACETATO S,ES
999,CITRATO TRIS,ES
1000,CITRULINA MALATO,ES
1001,CLADRIBINA,ES
1002,CLARITHROMYCIN,MD
1003,CLARITROMICINA,ES
1004,CLARITROMICINA CITRATO,ES
1005,CLASCOTERONA,ES
1006,CLEBOPRIDA MALATO,ES
1007,CLEMASTIN,MD
1008,CLEVIDIPINO,ES
1009,CLINDAMICINA FOSFATO,ES
1010,CLINDAMICINA HIDRO,ES
1011,CLOBAZ,ES
1012,CLOBETASOL PROPIONATO,ES
1013,CLOFARABINA,ES
1014,CLOMETIAZOL,ES
1015,CLOMIFENO CITRATO,ES
1016,CLOMIPRAMINA HIDRO,ES
1017,CLONAZEP,ES
1018,CLONAZEPAM,MD
1019,CLONIDINA HIDRO,ES
1020,CLONIXINO LISINA,ES
1021,CLOPERASTINA FENDIZOATO,ES
1022,CLOPERASTINA HIDRO,ES
1023,CLOPIDOGREL,ES
1024,CLOPIDOGREL BESILATO,ES
1025,CLOPIDOGREL HIDRO,ES
1026,CLOPIDOGREL,MD
1027,CLORAMBUCILO,ES
1028,CLORANFENICOL,ES
1029,DEXAMETASONA FOSFATO DIS,ES
1030,CLORAZEPATO DIPOTASIO,ES
1031,CLORDIAZEPOXIDO HIDRO,ES
1032,DIFENHIDRAMINA HIDRO,ES
1033,TRAMAZOLINA HIDRO,ES
1034,CLORHEXIDINA,ES
1035,VITAMINA A,ES
1036,CLORHEXIDINA DIGLUCONATO,ES
1037,ISOPROPIL ALCOHOL,ES
1038,ISOPROPILICO ALCOHOL,ES
1039,CLORHEXIDINA HIDRO,ES
1040,CLORMADINONA,ES
1041,CLORMETINA,ES
1042,CLOROPROCAINA HIDRO,ES
1043,CLOROQUINA FOSFATO,ES
1044,CLORPROMAZINA HIDRO,ES
1045,CLORTALIDONA,ES
1046,CLORTETRACICLINA HIDRO,ES
1047,CLORURO AMONICO DE LENALIDOMIDA,ES
1048,CLORURO DE POTASIO,ES
1049,ALFA-CETOGLUTARICO ACIDO,ES
1050,TRIPTOFANO,ES
1051,HISTIDINA,ES
1052,MANITOL,ES
1053,MAGNESIO CLORURO HEXAHIDRATO,ES
1054,HIDROCLORURO DE,ES
1055,SODIO BICARBONATO,ES
1056,POLIETILENGLICOL 4000,ES
1057,MAGNESIO SULFATO HEPTAHIDRATO,ES
1058,PROCAINA HIDRO,ES
1059,XILITOL,ES
1060,FOSFATO DIS,ES
1061,MACROGOL 3350,ES
1062,SODIO DIHIDROGENOFOSFATO,ES
1063,SODIO SULFATO ANHIDRO,ES
1064,SODIO FOSFATO,ES
1065,GLUCONATO S,ES
1066,GELATINA SUCCINATO,ES
1067,LACTATO S,ES
1068,SODIO HIDROGENO CARBONATO,ES
1069,MACROGOL 4000,ES
1070,SIMETICONA,ES
1071,CITRICO ACIDO ANHIDRO,ES
1072,MALICO ACIDO,ES
1073,ACIDO OXOGLURICO,ES
1074,SODIO HIDROXIDO,ES
1075,GLUTAMICO ACIDO,ES
1076,GLUTATION,ES
1077,MAGNESIO,ES
1078,LACTOBIONICO ACIDO,ES
1079,CLOSTRIDIOPEPTIDASA,ES
1080,PROTEASAS,ES
1081,CLOTIAPINA,ES
1082,CLOXACILINA SODICA,ES
1083,CLOZAPINA,ES
1084,CLOZAPIN,MD
1085,COBALTUM METALLIC,ES
1086,MANGANUM METALLIC,ES
1087,COBICISTAT,ES
1088,COBIMETINIB,ES
1089,COCA,ES
1090,COCCUS CACTI 6CH,ES
1091,COCCUS CACTI  7CH,ES
1092,COCCUS CACTI  9CH,ES
1093,COCCUS CACTI  12CH,ES
1094,COCCUS CACTI  15CH,ES
1095,COCCUS CACTI  30CH,ES
1096,COCCUS CACTI  100CH,ES
1097,COCCUS CACTI  200CH,ES
1098,COCCUS CACTI 8DH,ES
1099,COCCUS CACTI 12DH,ES
1100,COCCUS CACTI 30DH,ES
1101,COCCUS CACTI 200K,ES
1102,COCCUS CACTI 1000K,ES
1103,COCCUS CACTI 10000K,ES
1104,IBUPROFENO,ES
1105,HIDROXIZINA DIHIDRO,ES
1106,CODEINA,ES
1107,COFFEA TOSTA,ES
1108,COLCHICINA,ES
1109,DICICLOVERINA HIDRO,ES
1110,COLCHICIN,MD
1111,COLECALCIFEROL,MD
1112,COLESEVELAM HIDRO,ES
1113,COLESTIRAMINA,ES
1114,COLIBACILLIN,ES
1115,COLICO ACIDO,ES
1116,COLISTIMETATO S,ES
1117,COLISTIN,MD
1118,COLLINSONIA CANADENSIS,ES
1119,COLOCYNTHIS,ES
1120,DAPHNE MEZERE,ES
1121,GNAPHALIUM POLYCEPHAL,ES
1122,COMPLEJO COAGULANTE ANTIINHIBIDOR,ES
1123,COMPLEJO OSEINA-HIDROXIAPATITA,ES
1124,CONCENTRADO DE ENZIMAS PROTEOLITICAS ENRIQUECIDAS EN BROMELAINA,ES
1125,CONCIZUMAB,ES
1126,CONDROITINA SULFATO S,ES
1127,CONESTAT ALFA,ES
1128,CORALLIUM ALB,ES
1129,CINA,ES
1130,CORIFOLITROPINA ALFA,ES
1131,CORIOGONADOTROPINA ALFA,ES
1132,CORTISONA,ES
1133,CORYNEBACTERIUM DIPHTERIAE PROTEINA CRM 197,ES
1134,CRATAEG,ES
1135,CRATAEGUS OXIACANTA-CRATAEGUS MONOGINA,ES
1136,CRATAEGUS OXYACANTHA FLORES,ES
1137,CRISANTASPASA,ES
1138,CRIZOTINIB,ES
1139,CROCUS SATIV,ES
1140,CROMO CLORURO HEXAHIDRATO,ES
1141,ZINC,ES
1142,COBRE SULFATO PENTAHIDRATO,ES
1143,MANGANESO,ES
1144,CROMOGLICATO DE S,ES
1145,CROTALUS HORRID,ES
1146,CROTON TIGLI,ES
1147,CROVALIMAB,ES
1148,CUPRESSUS SEMPERVIRENS,ES
1149,CUPRUM ARSENICOS,ES
1150,ZINCUM METALLIC,ES
1151,CUPRUM OXYDATUM NIGR,ES
1152,CURARE,ES
1153,CYCLAMEN PURPURASCENS,ES
1154,CYNARA SCOLYMUS L.,ES
1155,CYPRIPEDIUM PARVIFLORUM VAR. PUBESCENS,ES
1156,CYPROTERON,MD
1157,D-PANTENOL,ES
1158,DABIGATRAN ETEXILATO,ES
1159,DABIGATRAN ETEXILATO MESILATO,ES
1160,DABRAFENIB MESILATO,ES
1161,DACARBAZINA,ES
1162,DACOMITINIB,ES
1163,DALBAVANCINA,ES
1164,DALBAVANCINA HIDRO,ES
1165,DALTEPARINA SODICA,ES
1166,DAMOCTOCOG ALFA PEGOL,ES
1167,DANAPAROIDE DE S,ES
1168,DANAZOL,ES
1169,DANICOPAN,ES
1170,DANTROLENO SODIO HEMIHEPTAHIDRATO,ES
1171,DAPAGLIFLOZINA,ES
1172,DAPAGLIFLOZINA PROPANODIOL,ES
1173,DAPAGLIFLOZIN,MD
1174,DAPOXETINA,ES
1175,DAPSONA,ES
1176,DAPTOMICINA,ES
1177,DARATUMUMAB,ES
1178,DARBEPOETINA ALFA,ES
1179,DARIDOREXANT HIDRO,ES
1180,DARIFENACINA HIDROBROMURO,ES
1181,DAROLUTAMIDA,ES
1182,DARUNAVIR,ES
1183,DARUNAVIR ETANOLATO,ES
1184,DARUNAVIR PROPILENGLICOLATO,ES
1185,DASATINIB,ES
1186,DATURA STRAMONI,ES
1187,DECITABINA,ES
1188,CEDAZURIDINA,ES
1189,DECUALINIO,ES
1190,DEFERASIROX,ES
1191,DEFERIPRONA,ES
1192,DEFEROXAMINA MESILATO,ES
1193,DEFLAZACORT,ES
1194,DEFLAZACORT,MD
1195,DEGARELIX,ES
1196,DELAFLOXACINO MEGLUMINA,ES
1197,DELAMANID,ES
1198,DELAPRIL HIDRO,ES
1199,MANIDIPINO HIDRO,ES
1200,DELGOCITINIB,ES
1201,DENGUE VIR,ES
1202,VIVO ATENUADO SEROTIPO 1,ES
1203,VIVO ATENUADO SEROTIPO 2,ES
1204,VIVO ATENUADO SEROTIPO 3,ES
1205,VIVO ATENUADO SEROTIPO 4,ES
1206,DENOSUMAB,ES
1207,DEPEMOKIMAB,ES
1208,DERMATOPHAGOIDES FARIN,ES
1209,DERMATOPHAGOIDES PTERONYSSIN,ES
1210,DESFESOTERODINA SUCCINATO,ES
1211,DESFLURANO,ES
1212,DESLORATADIIN,MD
1213,DESLORATADINA,ES
1214,PSEUDOEFEDRINA,ES
1215,DESMOPRESINA,ES
1216,DESOGESTREL,ES
1217,INTERLEUCINA 1,ES
1218,INTERLEUCINA 2,ES
1219,FACTOR NECROSIS TUMORAL ALFA,ES
1220,INTERFERON ALFA,ES
1221,INTERLEUCINA 6,ES
1222,FACTOR DE CRECIMIENTO TRANSFORMANTE BETA,ES
1223,INTERFERON GAMMA,ES
1224,INTERLEUCINA 4,ES
1225,INTERLEUCINA 7,ES
1226,ACIDO NUCLEICO ESPECIFICO SNA-C1A,ES
1227,ACIDO NUCLEICO ESPECIFICO SNA-C1B,ES
1228,DIMETIL SULFOXIDO,ES
1229,FACTOR DE CRECIMIENTO EPIDERMICO,ES
1230,FACTOR ESTIMULANTE DE COLONIAS DE GRANULOCITOS Y MACROFAGOS,ES
1231,ACIDO NUCLEICO ESPECIFICO SNA-CLMA,ES
1232,ACIDO NUCLEICO ESPECIFICO SNA-CLMB,ES
1233,ACIDO NUCLEICO ESPECIFICO SNA-CL1A,ES
1234,ACIDO NUCLEICO ESPECIFICO SNA-CL1B,ES
1235,INTERLEUCINA 5,ES
1236,INTERLEUCINA 3,ES
1237,ERITROPOYETINA,ES
1238,ACIDO NUCLEICO ESPECIFICO SNA-KAHA,ES
1239,ACIDO NUCLEICO ESPECIFICO SNA-KAHB,ES
1240,DESVENLAFAXINA,ES
1241,DESVENLAFAXINA BENZOATO,ES
1242,DESVENLAFAXINA SUCCINATO,ES
1243,DEUCRAVACITINIB,ES
1244,DEXAMETASONA,ES
1245,DEXAMETASONA FOSFATO,ES
1246,NETILMICINA,ES
1247,DEXAMETASONA FOSFATO S,ES
1248,DEXAMETASONA METASULFOBENZOATO,ES
1249,POLIMIXINA B,ES
1250,DEXAMETHASON,MD
1251,DEXANFETAMINA,ES
1252,DEXIBUPROFENO,ES
1253,DEXKETOPROFENO,ES
1254,DEXKETOPROFENO TROMETAMOL,ES
1255,TRAMADOL HIDRO,ES
1256,DEXKETOPROFEN,MD
1257,DEXMEDETOMIDINA,ES
1258,DEXMEDETOMIDINA HIDRO,ES
1259,DEXPANTENOL,ES
1260,XILOMETAZOLINA HIDRO,ES
1261,DEXPANTHENOL,MD
1262,DEXRAZOXANO,ES
1263,DEXTROMETORFANO HIDROBROMURO,ES
1264,DIAMOND,ES
1265,DIAZEP,ES
1266,DIAZEPAM,MD
1267,DIBOTERMINA ALFA,ES
1268,DICHLORODIETHYLSULFIDE,ES
1269,DICLOFENACO,ES
1270,DICLOFENACO DIETILAMINA,ES
1271,DICLOFENACO EPOLAMINA,ES
1272,MISOPROSTOL,ES
1273,DICLOFENAC,MD
1274,DIDROGESTERONA,ES
1275,DIEFFENBACHIA SEGUINE,ES
1276,CALADIUM SEGUIN,ES
1277,DIENOGEST,ES
1278,ESTRADIOL VALERATO,ES
1279,DIFELICEFALINA,ES
1280,DIFLUCORTOLONA VALERATO,ES
1281,DIFLUNISAL,ES
1282,DIGOXINA,ES
1283,DIGOXIN,MD
1284,DIHIDROCODEINA BITARTRATO,ES
1285,DIHIDROGENOFOSFATO DE S,ES
1286,HIDROGENOFOSFATO DE SODIO DODECAHIDRATO,ES
1287,DILTIAZEM HIDRO,ES
1288,DIMENHIDRINATO,ES
1289,PIRIDOXINA HIDRO,ES
1290,DIMETINDENO MALEATO,ES
1291,DINOPROSTONA,ES
1292,DINUTUXIMAB BETA,ES
1293,DIOSMINA,ES
1294,HESPERIDINA,ES
1295,DIOXIDO DE CARBONO,ES
1296,DIPIRIDAMOL,ES
1297,DISOPIRAMIDA,ES
1298,DOBESILATO DE CALCIO,ES
1299,DOBUTAMINA HIDRO,ES
1300,DOCETAXEL,ES
1301,RILPIVIRINA HIDRO,ES
1302,DOMPERIDONA,ES
1303,DOMPERIDONA MALEATO,ES
1304,DONANEMAB,ES
1305,DONEPEZILI HYDROCHLORID,MD
1306,DONEPEZILO,ES
1307,DONEPEZILO HIDRO,ES
1308,MEMANTINA HIDRO,ES
1309,DONIDALORSEN,ES
1310,DOPAMINA,ES
1311,DOPAMINA HIDRO,ES
1312,DORAVIRINA,ES
1313,DORNASA ALFA,ES
1314,DORZOLAMIDA HIDRO,ES
1315,DORZOLAMID,MD
1316,DOSTARLIMAB,ES
1317,DOXAZOSINA,ES
1318,DOXAZOSINA MESILATO,ES
1319,DOXEPINA HIDRO,ES
1320,DOXICICLINA,ES
1321,DOXICICLINA HICLATO,ES
1322,DOXILAMINA,ES
1323,HIDROGENOSUCCINATO DE,ES
1324,DOXORUBICINA,ES
1325,DOXORUBICINA HIDRO,ES
1326,DOXYCYCLIN,MD
1327,DRONABINOL,ES
1328,DRONEDARONA,ES
1329,DRONEDARONA CLORHIDRATO,ES
1330,DROPERIDOL,ES
1331,VIOLA ODORATA TINTURA MADRE,ES
1332,DROSPIRENONA,ES
1333,ESTETROL,ES
1334,ESTRADIOL,ES
1335,DULAGLUTIDA,ES
1336,DULOXETINA,ES
1337,DULOXETINA HIDRO,ES
1338,DUPILUMAB,ES
1339,DURVALUMAB,ES
1340,DUTASTERIDA,ES
1341,EBASTINA,ES
1342,EBERCONAZOL NITRATO,ES
1343,EBERTHIN,ES
1344,ECHINACEA ANGUSTIFOLIA L3,ES
1345,COCHLEARIA OFFICINALIS,ES
1346,PILOCARP,ES
1347,ECHINACEA PURPUREA TINTURA PARTE AEREA,ES
1348,ECHINACEA PURPUREA TINTURA RAIZ,ES
1349,ECULIZUMAB,ES
1350,EDOTREOTIDA,ES
1351,EDOXABAN TOSILATO,ES
1352,EDROFONIO BROMURO,ES
1353,EFANESOCTOCOG ALFA,ES
1354,EFAVIRENZ,ES
1355,EMTRICITABINA,ES
1356,TENOFOVIR DISOPROXILO FOSFATO,ES
1357,TENOFOVIR DISOPROXILO MALEATO,ES
1358,TENOFOVIR DISOPROXILO SUCCINATO,ES
1359,EFEDRINA HIDRO,ES
1360,SULFOGUAYACOLATO POTASIO,ES
1361,EFGARTIGIMOD ALFA,ES
1362,EFLORNITINA HIDRO,ES
1363,EFMOROCTOCOG ALFA,ES
1364,EFTRENONACOG ALFA,ES
1365,ELACESTRANT DIHIDRO,ES
1366,ELADOCAGEN EXUPARVOVEC,ES
1367,ELAFIBRANOR,ES
1368,ELBASVIR,ES
1369,GRAZOPREVIR,ES
1370,ELETRIPTAN HIDROBROMURO,ES
1371,ELIGLUSTAT,ES
1372,ELOSULFASA ALFA,ES
1373,ELOTUZUMAB,ES
1374,ELRANATAMAB,ES
1375,ELTROMBOPAG,ES
1376,ELTROMBOPAG OLAMINA,ES
1377,EMEDASTINA DIFUMARATO,ES
1378,EMICIZUMAB,ES
1379,EMPAGLIFLOZINA,ES
1380,ELVITEGRAVIR,ES
1381,TENOFOVIR ALAFENAMIDA,ES
1382,TENOFOVIR ALAFENAMIDA FUMARATO,ES
1383,RILPIVIRINA,ES
1384,BICTEGRAVIR S,ES
1385,BICTEGRAVIR,ES
1386,ENALAPRIL MALEATO,ES
1387,NITRENDIPINO,ES
1388,ENALAPRIL,MD
1389,ENCORAFENIB,ES
1390,ENFORTUMAB VEDOTINA,ES
1391,ENFUVIRTIDA,ES
1392,ENOXAPARINA SODICA,ES
1393,ENOXOLONA,ES
1394,TIROTRICINA,ES
1395,ENTACAPONA,ES
1396,LEVODOPA,ES
1397,CARBIDOPA,ES
1398,ENTECAVIR,ES
1399,ENTRECTINIB,ES
1400,ENZALUTAMIDA,ES
1401,EPCORITAMAB,ES
1402,ARTICAINA HIDRO,ES
1403,EPINEFRINA TARTRATO,ES
1404,EPIRUBICINA HIDRO,ES
1405,EPLERENONA,ES
1406,EPLONTERSEN S,ES
1407,EPOETINA ALFA,ES
1408,EPOETINA BETA,ES
1409,EPOETINA DSETA (EPOETIN ZETA),ES
1410,EPOETINA ZETA (EPOETIN THETA),ES
1411,EPOPROSTENOL,ES
1412,EPROSARTAN,ES
1413,EPROSARTAN MESILATO,ES
1414,EPTACOG ALFA ACTIVADO,ES
1415,EPTACOG BETA ACTIVADO,ES
1416,EPTIFIBATIDA,ES
1417,EPTINEZUMAB,ES
1418,EQUISETUM ARVENSE,ES
1419,EQUISETUM HIEMALE,ES
1420,ERAVACICLINA,ES
1421,ERBIO ER-169 CITRATO,ES
1422,ERDAFITINIB,ES
1423,ERENUMAB,ES
1424,ERGOCALCIFEROL,ES
1425,FITOMENADIONA,ES
1426,TODO-ALFA-TOCOFEROL,ES
1427,RETINOL PALMITATO,ES
1428,ERGOCALCIFEROL,MD
1429,ERIBULINA,ES
1430,ERIBULINA MESILATO,ES
1431,ERITROMICINA,ES
1432,ERITROMICINA ETILSUCCINATO,ES
1433,ERITROMICINA LACTOBIONATO,ES
1434,ERLOTINIB,ES
1435,ERLOTINIB HIDRO,ES
1436,ERTAPEN,ES
1437,ERTAPENEM S,ES
1438,ERTUGLIFLOZINA ACIDO L-PIROGLUTAMICO,ES
1439,ESCHSCHOLTZIA CALIFORNICA CHAM.,ES
1440,ESCINA,ES
1441,ESCITALOPR,ES
1442,ESCITALOPRAM OXALATO,ES
1443,ESCITALOPRAM,MD
1444,ESCOPOLAMINA HIDROBROMURO,ES
1445,ESKETAMINA HIDRO,ES
1446,ESLICARBAZEPINA,ES
1447,ESMOLOL HIDRO,ES
1448,ESOMEPRAZOL,ES
1449,ESOMEPRAZOL MAGNESICO,ES
1450,ESOMEPRAZOL MAGNESIO,ES
1451,ESPAGLUMICO ACIDO,ES
1452,ESPARSENTAN,ES
1453,ESPESOLIMAB,ES
1454,ESPIRAMICINA,ES
1455,METRONIDAZOL,ES
1456,ESTAÑO,ES
1457,BICISATO DIHIDRO,ES
1458,ESTIRIPENTOL,ES
1459,NORETISTERONA,ES
1460,NOMEGESTROL,ES
1461,RELUGOLIX,ES
1462,MEDROXIPROGESTERONA,ES
1463,NORGESTREL,ES
1464,PROGESTERONA,ES
1465,ESTREPTODORNASA,ES
1466,ESTREPTOQUINASA,ES
1467,ESTREPTOMICINA,ES
1468,ESTREPTOZOCINA,ES
1469,ESTRIOL,ES
1470,ESTROGENOS CONJUGADOS,ES
1471,ETAMBUTOL,ES
1472,ETAMBUTOL HIDRO,ES
1473,ISONIAZIDA,ES
1474,PIRAZINAMIDA,ES
1475,RIFAMPICINA,ES
1476,ETANERCEPT,ES
1477,ETELCALCETIDA HIDRO,ES
1478,GESTODENO,ES
1479,NORELGESTROMINA,ES
1480,ETOFENAMATO,ES
1481,ETOMIDATO,ES
1482,ETONOGESTREL,ES
1483,ETOPOSIDO,ES
1484,ETORICOXIB,ES
1485,ETOSUXIMIDA,ES
1486,ETRANACOGEN DEZAPARVOVEC,ES
1487,ETRASIMOD L-ARGININA,ES
1488,ETRAVIRINA,ES
1489,EUGENIA JAMBOSA,ES
1490,EUCALYPTUS GLOBULUS TINTURA MADRE,ES
1491,CHINA RUBRA,ES
1492,SENEGA,ES
1493,EVEROLIM,ES
1494,EVINACUMAB,ES
1495,EVOLOCUMAB,ES
1496,EXAGAMGLOGEN AUTOTEMCEL,ES
1497,EXAMETAZIMA,ES
1498,EXEMESTANO,ES
1499,EXTRACTO ALERGENICO DE DERMATOPHAGOIDES PTERONYSSIN,ES
1500,EXTRACTO ALERGENICO DE DERMATOPHAGOIDES FARIN,ES
1501,EXTRACTO ETANOLICO SECO (3-6:1) DE RAIZ DE GENCIANA,ES
1502,FLOR DE PRIMULA,ES
1503,RUMEX,ES
1504,FLOR DE SAUCO,ES
1505,Y VERBENA,ES
1506,ETANOL 51% (M/M),ES
1507,PITAVASTATINA CALCIO,ES
1508,ROSUVASTATINA ZINC,ES
1509,FACTOR IX,ES
1510,FACTOR II,ES
1511,FACTOR X,ES
1512,FACTOR VII,ES
1513,PROTEINA C,ES
1514,PROTEINA C HUMANA,ES
1515,PROTEINA S,ES
1516,PROTEINAS,ES
1517,PROTEINAS PLASMATICAS,ES
1518,FACTOR VIII,ES
1519,FACTOR VIII HUMANO,ES
1520,FACTOR VON WILLEBRAND HUMANO,ES
1521,FACTOR VON WILLEBRAND,ES
1522,FACTOR XIII,ES
1523,FAGOPYRUM ESCULENT,ES
1524,FAMCICLOVIR,ES
1525,FAMOTIDINA,ES
1526,FAMOTIDIN,MD
1527,FAMPRIDINA,ES
1528,FARICIMAB,ES
1529,FEBUXOSTAT,ES
1530,FEDRATINIB DIHIDRO,ES
1531,FELODIPINO,ES
1532,FENFLURAMINA HIDRO,ES
1533,FENILBUTIRATO DE GLICERILO,ES
1534,FENILBUTIRATO S,ES
1535,TROPICAMIDA,ES
1536,FENILPROPANOLAMINA HIDRO,ES
1537,CLOCINIZINA DIHIDRO,ES
1538,FENITOINA,ES
1539,FENITOINA SODICA,ES
1540,FENOBARBITAL,ES
1541,FENOFIBRATO,ES
1542,SIMVASTATINA,ES
1543,FENOL,ES
1544,ESENCIA CLAVO,ES
1545,FENOXIMETILPENICILINA,ES
1546,FENOXIMETILPENICILINA POTASICA,ES
1547,FENOXIMETILPENICILINA-BENZATINA,ES
1548,FENTANILO,ES
1549,FENTANILO CITRATO,ES
1550,FENTICONAZOL NITRATO,ES
1551,FERRI (III) HYDROXIDUM CUM POLYMALTOSI COMPLEX,MD
1552,FERRIMANITOL OVOALBUMINA,ES
1553,FERROGLICINA,ES
1554,FERROSI SULFAS + ACIDUM ASCORBIC,MD
1555,FERRUM MURIATIC,ES
1556,RHODODENDRON,ES
1557,FILIPENDULA ULMARIA,ES
1558,FESOTERODINA FUMARATO,ES
1559,FEXOFENADINA HIDRO,ES
1560,FEZOLINETANT,ES
1561,FIDAXOMICINA,ES
1562,FILGOTINIB MALEATO,ES
1563,FILGRAST,ES
1564,FINASTERIDA,ES
1565,TADALAFILO,ES
1566,FINERENONA,ES
1567,FINGOLIMOD,ES
1568,FINGOLIMOD HIDRO,ES
1569,FLAVOXATO HIDRO,ES
1570,FLECAINIDA,ES
1571,FLORBETABEN (18F),ES
1572,FLORBETAPIR (18F),ES
1573,FLUCICLOVINA (18F),ES
1574,FLUCONAZOL,ES
1575,FLUDARABINA FOSFATO,ES
1576,FLUDESOXIGLUCOSA (18F),ES
1577,FLUDROCORTISONA,ES
1578,FLUMAZENIL,ES
1579,FLUNARIZINA DIHIDRO,ES
1580,FLUOCINOLONA ACETONIDO,ES
1581,FRAMICETINA,ES
1582,GRAMICIDINA,ES
1583,FLUOCINONIDA,ES
1584,FLUORESCEINA SODICA,ES
1585,FLUORITE,ES
1586,FLUORODOPA (18F),ES
1587,FLUOROMETILCOLINA (18F),ES
1588,FLUOROMETOLONA,ES
1589,FLUOROURACILO,ES
1590,FLUOXETINA HIDRO,ES
1591,FLUPENTIXOL DIHIDRO,ES
1592,MELITRACENO HIDRO,ES
1593,FLURAZEPAM HIDRO,ES
1594,FLURBIPROFENO,ES
1595,FLUTAMIDA,ES
1596,FLUTEMETAMOL (18F),ES
1597,FLUTICASONA FUROATO,ES
1598,VILANTEROL,ES
1599,VILANTEROL TRIFENATATO,ES
1600,UMECLIDINIO BROMURO,ES
1601,UMECLIDINIO,ES
1602,SALMETEROL,ES
1603,SALMETEROL XINAFOATO,ES
1604,FLUTICASON,MD
1605,FLUTRIMAZOL,ES
1606,FLUVASTATINA SODICA,ES
1607,FLUVOXAMINA MALEATO,ES
1608,FOLICO ACIDO,ES
1609,FUMARATO HIERRO,ES
1610,HIERRO,ES
1611,FOLINATO CALCIO,ES
1612,FOLINICO ACIDO,ES
1613,FOLITROPINA ALFA,ES
1614,FOLITROPINA BETA,ES
1615,FOLITROPINA DELTA,ES
1616,FOLLICULIN,ES
1617,FONDAPARINUX,ES
1618,FORMICA RUFA,ES
1619,FOSAPREPITANT DIMEGLUMINA,ES
1620,FOSCARNET SODIO HEXAHIDRATO,ES
1621,FOSFATO DISODIO DODECAHIDRATO,ES
1622,FOSFATO MONOS,ES
1623,FOSFATO POTASICO DIBASICO,ES
1624,FOSFOMICINA,ES
1625,FOSFOMICINA SODICA,ES
1626,FOSFOMICINA TROMETAMOL,ES
1627,FOSINOPRIL,ES
1628,FOSLEVODOPA,ES
1629,FOSCARBIDOPA,ES
1630,FOSTAMATINIB DISODIO HEXAHIDRATO,ES
1631,FOSTEMSAVIR TROMETAMOL,ES
1632,FRAXINUS AMERICANA,ES
1633,FREMANEZUMAB,ES
1634,FRUQUINTINIB,ES
1635,GRAPHITES,ES
1636,SPONGIA OFFICINALIS,ES
1637,FULVESTRANT,ES
1638,FUMARATO DE DIMETILO,ES
1639,FUMARATO DE DIROXIMEL,ES
1640,FUMARIA OFFICINALIS,ES
1641,GENTIANA LUTEA,ES
1642,FUROSEMIDA,ES
1643,FUROSEMIDA XANTINOL,ES
1644,TRIAMTERENO,ES
1645,FUROSEMID,MD
1646,FUSIDATO S,ES
1647,FUSIDICO ACIDO,ES
1648,FUTIBATINIB,ES
1649,GABAPENTINA,ES
1650,GABAPENTIN,MD
1651,GADOBENICO ACIDO,ES
1652,GADOBUTROL,ES
1653,GADOPICLENOL,ES
1654,GADOTERICO ACIDO,ES
1655,GADOTERIDOL,ES
1656,GADOXETATO DIS,ES
1657,GALANTAMINA HIDROBROMURO,ES
1658,GALCANEZUMAB,ES
1659,GALIO 67GA CITRATO,ES
1660,GALIO 68GA,ES
1661,GERMANIO 68GE CL,ES
1662,VISCUM ALB,ES
1663,GALSULFASA,ES
1664,GANAXOLONA,ES
1665,GANCICLOVIR,ES
1666,GANIRELIX,ES
1667,GARADACIMAB,ES
1668,GAXILOSA,ES
1669,GAYUBA EXTO,ES
1670,BETULA PENDULA R. EXTRACTO SECO,ES
1671,SOLIDAGO GIGANTEA EXTRACTO SECO,ES
1672,GEFAPIXANT,ES
1673,GEFITINIB,ES
1674,GELATINA TANATO,ES
1675,CIMICIFUGA DIL.,ES
1676,SANGUINARIA,ES
1677,ECHINACEA ANGUSTIFOLIA DIL.,ES
1678,HEPAR SULFURIS DIL.,ES
1679,GEMCITABINA,ES
1680,GEMCITABINA HIDRO,ES
1681,GEMFIBROZILO,ES
1682,GEMTUZUMAB OZOGAMICINA,ES
1683,GENTAMICINA,ES
1684,TETRIZOLINA HIDRO,ES
1685,TOLNAFTATO,ES
1686,GERMANI,ES
1687,GILTERITINIB FUMARATO,ES
1688,GINGKO BILOBA,ES
1689,GINKGO BILOBA,ES
1690,GINKGO BILOBA EXTO,ES
1691,GINKGO BILOBA EXTRACTO SECO,ES
1692,GIVINOSTAT HIDRO,ES
1693,GIVOSIRAN,ES
1694,GLANDULA SUPRARENALIS SUIS,ES
1695,HYPOPHYSIS SUIS,ES
1696,GLANDULA THYMI SUIS,ES
1697,OVARIUM SUIS,ES
1698,PANCREAS SUIS,ES
1699,THYREOIDINUM E GLAND. THYREOID. SUIS,ES
1700,GLASDEGIB MALEATO,ES
1701,GLATIRAMERO,ES
1702,GLECAPREVIR,ES
1703,PIBRENTASVIR,ES
1704,GLIBENCLAMIDA,ES
1705,GLICERINA,ES
1706,GLICEROFOSFATO S,ES
1707,GLICEROL,ES
1708,GLICLAZIDA,ES
1709,GLICLAZID,MD
1710,GLICOPIRRONIO BROMURO,ES
1711,INDACATEROL MALEATO,ES
1712,MOMETASONA FUROATO,ES
1713,INDACATEROL,ES
1714,GLICOPIRRONIO,ES
1715,GLICOPROTEINA F DEL VIRUS RESPIRATORIO SINCITIAL EN SU CONFORMACION PREFUSION,ES
1716,ARNM MONOCATENARIO PROTEGIDO EN EL EXTREMO 5′ QUE CODIFICA PARA,ES
1717,GLIMEPIRIDA,ES
1718,GLIPIZIDA,ES
1719,GLOFITAMAB,ES
1720,GLUCAGON,ES
1721,GLUCAGON HIDRO,ES
1722,GLUCARPIDASA,ES
1723,GLUCONATO CALCIO,ES
1724,ACETATO MAGNESIO TETRAHIDRATO,ES
1725,SACARATO CALCIO TETRAHIDRATO,ES
1726,GLUCONATO HIERRO,ES
1727,GLUCOSA,ES
1728,GLUCOSA ANHIDRA,ES
1729,LACTICO ACIDO,ES
1730,SODIO CARBONATO ANHIDRO,ES
1731,TROMETAMOL,ES
1732,CITRICO ACIDO,ES
1733,ASPARTICO ACIDO,ES
1734,SODIO CARBONATO,ES
1735,S-LACTATO S,ES
1736,LACTATO CALCIO,ES
1737,POTASIO CLORURO ANHIDRO,ES
1738,GLUCOSAMINA,ES
1739,GLUCOSAMINA HIDRO,ES
1740,GLUTAMATO MAGNESIO HIDROBROMURO,ES
1741,G-AMINOBUTIRICO ACIDO,ES
1742,G-AMINO-B-HIDROXIBUTIRICO ACIDO,ES
1743,PROMETAZINA HIDRO,ES
1744,GLICINA,ES
1745,PYGEUM AFRICAN,ES
1746,ALANINA,ES
1747,GLYCERIN,ES
1748,GLYCINE MAX (L.)MERR EXTO SECO,ES
1749,GOLIMUMAB,ES
1750,GOMA GUAR,ES
1751,GONADOTROPINA CORIONICA,ES
1752,GOSERELINA,ES
1753,GOZETOTIDA,ES
1754,GRANISETRON,ES
1755,GRANISETRON HIDRO,ES
1756,TANACETUM VULGARE,ES
1757,GREEN TOURMALINE,ES
1758,GRINDELIA ROBUSTA,ES
1759,GUAIFENESINA,ES
1760,DIPROFILINA,ES
1761,GUAJAC,ES
1762,GUANFACINA HIDRO,ES
1763,GUSELKUMAB,ES
1764,HALOPERIDOL,ES
1765,HALOPERIDOL,MD
1766,HAMAMELIS AGUA,ES
1767,NAFAZOLINA HIDRO,ES
1768,HAMAMELIS HOJAS,ES
1769,HARPAGOPHYTUM EXTO SECO,ES
1770,HARPAGOPHYTUM PROCUMBENS,ES
1771,HEDERA HELIX L. EXTRACTO SECO,ES
1772,HEDERA HELIX L.,ES
1773,HOJA,ES
1774,EXTRACTO SECO (DER 4–8:1) DISOLVENTE DE EXTRACCION: ETANOL 30%(M/M),ES
1775,EXTRACTO SECO (DER 5–7.5: 1) DISOLVENTE DE EXTRACCION: ETANOL 30% (M/M),ES
1776,HELIO,ES
1777,MONOXIDO DE CARBONO,ES
1778,HELLEBORUS NIGER,ES
1779,HEMINA,ES
1780,HYDRARGYRUM BIIODAT,ES
1781,EUPHORBI,ES
1782,HYDRARGYRUM SULFURATUM NIGR,ES
1783,NATRIUM CHLORAT,ES
1784,HEPARINA SODICA,ES
1785,HESPERIDINA METILCHALCONA,ES
1786,RUSCUS ACULEATUS EXTO,ES
1787,HEXAFLUORURO AZUFRE,ES
1788,HEXAMINOLEVULINICO HIDRO,ES
1789,HEXETIDINA,ES
1790,RUSCOGENINA,ES
1791,HIALURONICO ACIDO,ES
1792,HIDRALAZINA HIDRO,ES
1793,AMILORIDA HIDRO,ES
1794,CILAZAPRIL,ES
1795,LISINOPRIL,ES
1796,LOSARTAN,ES
1797,QUINAPRIL HIDRO,ES
1798,HIDROCORTISONA ACEPONATO,ES
1799,HIDROCORTISONA FOSFATO S,ES
1800,HIDROCORTISONA SUCCINATO S,ES
1801,HIDROMORFONA HIDRO,ES
1802,HIDROQUINIDINA HIDRO,ES
1803,HIDROQUINONA,ES
1804,HIDROSMINA,ES
1805,HIDROXICARBAMIDA,ES
1806,HIDROXICLOROQUINA,ES
1807,HIDROXIZINA HIDRO,ES
1808,HIDROXOCOBALAMINA,ES
1809,HIDROXOCOBALAMINA HIDRO,ES
1810,HIEDRA EXTRACTO ETANOLICO BLANDO 30% (V/V),ES
1811,HIERACIUM PILOSELLA,ES
1812,HIERRO (II),ES
1813,HIERRO CARBOXIMALTOSA,ES
1814,HIERRO SACAROSA,ES
1815,HIERRO SULFATO DESECADO,ES
1816,HIPROMELOSA,ES
1817,HISTAMINA DIHIDRO,ES
1818,HISTAMIN,ES
1819,HORMONA FOLICULO ESTIMULANTE,ES
1820,HORMONA PARATIROIDEA,ES
1821,HUMULUS LUPULUS EXTRACTO SECO,ES
1822,VALERIANA EXTRACTO SECO,ES
1823,HYDRARGYRUM METALLIC,ES
1824,HYDRARGYRUM SULFURATUM RUBR,ES
1825,HYDROCYANICUM ACID,ES
1826,HYPERICUM PERFORATUM  EXTO SECO,ES
1827,IBANDRONICO ACIDO,ES
1828,IBRITUMOMAB TIUXETAN,ES
1829,IBRUTINIB,ES
1830,IBUPROFENO ARGININA,ES
1831,IBUPROFENO LISINA,ES
1832,PSEUDOEFEDRINA HIDRO,ES
1833,IBUPROFEN,MD
1834,ICATIBANTO,ES
1835,ICOSAPENTO DE ETILO,ES
1836,IDARUBICINA HIDRO,ES
1837,IDARUCIZUMAB,ES
1838,IDEBENONA,ES
1839,IDECABTAGEN VICLEUCEL,ES
1840,IDELALISIB,ES
1841,IDURSULFASA,ES
1842,IFOSFAMIDA,ES
1843,SEPIA,ES
1844,PANAX GINSENG,ES
1845,ILOPROST,ES
1846,ILOPROST  TROMETAMOL,ES
1847,IMATINIB,ES
1848,IMATINIB MESILATO,ES
1849,IMIDAPRIL HIDRO,ES
1850,IMIGLUCERASA,ES
1851,CILASTATINA,ES
1852,IMIPRAMINA HIDRO,ES
1853,IMIQUIMOD,ES
1854,IMLIFIDASA,ES
1855,INAVOLISIB,ES
1856,INCLISIRAN S,ES
1857,INDAPAMIDA,ES
1858,AMLODIPINO,ES
1859,PERINDOPRIL,ES
1860,PERINDOPRIL ERBUMINA,ES
1861,PERINDOPRIL TERC-BUTILAMINA,ES
1862,INDAPAMID,MD
1863,INDIGOLITE TOURMALINE,ES
1864,INDIO (I111),ES
1865,PENTETATO DE,ES
1866,PENTETICO ACIDO,ES
1867,INDIO 111,ES
1868,PENTETREOTIDA,ES
1869,INDOMETACINA,ES
1870,INEBILIZUMAB,ES
1871,INFLIXIMAB,ES
1872,INHIBIDOR DE LA ALFA-1 PROTEINASA,ES
1873,INHIBIDOR DE LA C1 ESTERASA,ES
1874,INMUNOGLOBULINA ANTICITOMEGALOVIR,ES
1875,INMUNOGLOBULINA CONEJO ANTI-LINFOCITOS T HUMANOS,ES
1876,INMUNOGLOBULINA CONEJO ANTITIMOCITOS HUMANOS,ES
1877,INMUNOGLOBULINA G HUMANA,ES
1878,INMUNOGLOBULINA HUMANA ANTI-D,ES
1879,INMUNOGLOBULINA HUMANA ANTIHEPATITIS B,ES
1880,INMUNOGLOBULINA HUMANA ANTIRRABICA,ES
1881,INMUNOGLOBULINA HUMANA ANTITETANICA,ES
1882,INMUNOGLOBULINA HUMANA NORMAL,ES
1883,INMUNOGLOBULINA HUMANA POLIVALENTE,ES
1884,INOTERSEN S,ES
1885,INOTUZUMAB OZOGAMICINA,ES
1886,INSULINA ASPARTA,ES
1887,INSULINA ASPARTA PROTAMINA+,ES
1888,INSULINA DEGLUDEC,ES
1889,INSULINA DETEMIR,ES
1890,INSULINA GLARGINA,ES
1891,LIXISENATIDA,ES
1892,INSULINA GLULISINA,ES
1893,INSULINA HUMANA,ES
1894,INSULINA HUMANA ISOFANA,ES
1895,INSULINA ISOFANA,ES
1896,INSULINA ISOFANA HUMANA PRB,ES
1897,INSULINA LISPRO,ES
1898,INSULINA LISPRO PROTAMINA,ES
1899,INSULINA SOLUBLE NEUTRA,ES
1900,INSULINA SOLUBLE NEUTRA HUMANA PRB,ES
1901,INSULINUM ASPART,MD
1902,INSULINUM ASPARTUM BIPHASIC,MD
1903,INSULIN,ES
1904,INSULINUM DEGLUDEC,MD
1905,INSULINUM DETEMIR,MD
1906,INSULINUM GLARGIN,MD
1907,INSULINUM GLULISIN,MD
1908,INSULINUM HUMAN,MD
1909,INTERFERON BETA-1A,ES
1910,INTERFERON BETA-1B,ES
1911,INTERFERON GAMMA-1B,ES
1912,ACIDO NUCLEICO ESPECIFICO SNA-S2,ES
1913,ACIDO NUCLEICO ESPECIFICO SNA-S1,ES
1914,ACIDO NUCLEICO ESPECIFICO SNA-PAPI,ES
1915,ACIDO NUCLEICO ESPECIFICO SNA-VERU,ES
1916,ACIDO NUCLEICO ESPECIFICO SNA-ARTH,ES
1917,ACIDO NUCLEICO ESPECIFICO SNA-,ES
1918,ACIDO NUCLEICO ESPECIFICO SNA-EID,ES
1919,ACIDO NUCLEICO ESPECIFICO SNA-CL2,ES
1920,ACIDO NUCLEICO ESPECIFICO SNA-E,ES
1921,FACTOR DE CRECIMIENTO TANSFORMANTE BETA,ES
1922,ACIDO NUCLEICO ESPECIFICO SNA-MIREG,ES
1923,FOSFORO,ES
1924,ACIDO NUCLEICO ESPECIFICO SNA-HCX,ES
1925,ACIDO NUCLEICO ESPECIFICO SNA-EBV,ES
1926,ACIDO NUCLEICO ESPECIFICO SNA-CHLA,ES
1927,ACIDO NUCLEICO ESPECIFICO SNA-CMV,ES
1928,ACIDO NUCLEICO ESPECIFICO SNA-TOXO,ES
1929,ACIDO NUCLEICO ESPECIFICO SNA-XFSA,ES
1930,ACIDO NUCLEICO ESPECIFICO SNA-XFSB,ES
1931,ACIDO NUCLEICO ESPECIFICO SNA-XFSC,ES
1932,ACIDO NUCLEICO ESPECIFICO SNA-ZONA,ES
1933,PRASTERONE,ES
1934,ACIDO NUCLEICO ESPECIFICO SNA-MISEN,ES
1935,ACIDO NUCLEICO ESPECIFICO SNA-HC,ES
1936,ACIDO NUCLEICO ESPECIFICO SNA-HA,ES
1937,IOBENGUANO 123I,ES
1938,IOBITRIDOL,ES
1939,IODIXANOL,ES
1940,IODO,ES
1941,IODOMETILNORCOLESTEROL,ES
1942,IOD,ES
1943,IODURO (123I) S,ES
1944,IODURO (131I) S,ES
1945,IOFLUPANO 123I,ES
1946,IOHEXOL,ES
1947,IOMEPROL,ES
1948,IOPAMIDOL,ES
1949,IOPROMIDA,ES
1950,IOVERSOL,ES
1951,IPILIMUMAB,ES
1952,IPRATROPIO BROMURO,ES
1953,SALBUTAMOL,ES
1954,IPTACOPAN HIDRO,ES
1955,IRBESARTAN,ES
1956,IRINOTECAN,ES
1957,IRINOTECAN HIDRO,ES
1958,ISATUXIMAB,ES
1959,ISAVUCONAZOL,ES
1960,ISOFLURANO,ES
1961,PIRIDOXINA,ES
1962,ISOPRENALINA HIDRO,ES
1963,ISOPRENALINA,ES
1964,ISOSORBIDA MONONITRATO,ES
1965,ISOSORBIDI MONONITRAS,MD
1966,ISOTRETINOINA,ES
1967,ITOPRIDA HIDRO,ES
1968,ITRACONAZOL,ES
1969,IVABRADINA,ES
1970,IVABRADINA HIDRO,ES
1971,IVABRADINA OXALATO,ES
1972,IVACAFTOR,ES
1973,LUMACAFTOR,ES
1974,TEZACAFTOR,ES
1975,ELEXACAFTOR,ES
1976,IVERMECTINA,ES
1977,IVOSIDENIB,ES
1978,IXAZOMIB CITRATO,ES
1979,IXEKIZUMAB,ES
1980,JUNIPERUS SABINA,ES
1981,KALIUM ARSENICOS,ES
1982,KALIUM BROMAT,ES
1983,KALIUM CARBONIC,ES
1984,SELENICEREUS GRANDIFLOR,ES
1985,NITROGLYCERIN,ES
1986,STROPHANTHUS GRAT,ES
1987,KALMIA LATIFOLIA,ES
1988,URGINEA MARITIMA,ES
1989,CACTUS DIL.,ES
1990,KALIUM CHLORAT,ES
1991,KALIUM CHLORIC,ES
1992,NATRIUM TETRACHLOROAURAT,ES
1993,MERCURIUS SOLUBILIS HAHNEMANNI D 8,ES
1994,NATRIUM NITRIC,ES
1995,KALIUM MURIATIC,ES
1996,KALIUM PHOSPHORICUM TRIT.,ES
1997,KALIUM STIBYLTARTARICUM 3LM,ES
1998,KALIUM STIBYLTARTARICUM 6LM,ES
1999,KALIUM SULFURICUM TRIT.,ES
2000,KETAMINA HIDRO,ES
2001,KETAZOL,ES
2002,KETOCONAZOL,ES
2003,KETOPROFENO,ES
2004,KETOPROFENO LISINATO,ES
2005,KETOPROFEN,MD
2006,KETOROLACO TROMETAMOL,ES
2007,KETOTIFENO,ES
2008,KETOTIFENO FUMARATO,ES
2009,L-ALANIL-L-GLUTAMINA,ES
2010,L-ASPARAGINASA RECOMBINANTE,ES
2011,L-CARNITINA,ES
2012,L-LISINA HIDRO,ES
2013,L-ARGININA HIDRO,ES
2014,LABETALOL HIDRO,ES
2015,LABRADORITE,ES
2016,LAC CANIN,ES
2017,LACHNANTHES TINCTORIA,ES
2018,LACIDIPINO,ES
2019,LACOSAMIDA,ES
2020,LACTATO MAGNESIO,ES
2021,MAGNESIO HIDROXIDO,ES
2022,LACTITOL,ES
2023,LACTOBACILLUS ACIDOPHIL,ES
2024,LACTOBACILLUS BIPHID,ES
2025,LACTOBACILLUS PLANTARUM P 17630,ES
2026,LACTOBACILLUS RHAMNOS,ES
2027,LACTOBACILLUS GASSERI,ES
2028,LACTOBACILOS ACIDOFILOS,ES
2029,LACTULOSA,ES
2030,"LACTULOSA,LIQUIDA",ES
2031,ABACAVIR CLORHIDRATO,ES
2032,LAMOTRIGINA,ES
2033,LAMOTRIGIN,MD
2034,LANADELUMAB,ES
2035,LANDIOLOL HIDRO,ES
2036,LANREOTIDA,ES
2037,LANSOPRAZOL,ES
2038,LANTANO,ES
2039,LANTANO CARBONATO,ES
2040,LAPATINIB,ES
2041,LAPIS ALB,ES
2042,LAPIS LAZULI,ES
2043,LARONIDASA,ES
2044,LAROTRECTINIB,ES
2045,LASMIDITAN SUCCINATO,ES
2046,LATANOPROST,ES
2047,NETARSUDIL MESILATO,ES
2048,LAURILSULFATO S,ES
2049,LAUROMACROGOL 400,ES
2050,LAVANDA,ES
2051,LAZERTINIB,ES
2052,LEBRIKIZUMAB,ES
2053,LECANEMAB,ES
2054,LEFLUNOMIDA,ES
2055,LEFLUNOMID,MD
2056,LENACAPAVIR S,ES
2057,LENALIDOMIDA,ES
2058,LENALIDOMIDA HIDROCLORURO HIDRATO,ES
2059,LENVATINIB,ES
2060,LENVATINIB MESILATO,ES
2061,LERCANIDIPINO HIDRO,ES
2062,LERCANIDIPIN,MD
2063,LETERMOVIR,ES
2064,LETROZOL,ES
2065,LEUPRORELINA,ES
2066,LEUPRORELINA MESILATO,ES
2067,LEVETIRACET,ES
2068,LEVETIRACETAM,MD
2069,LEVOBUPIVACAINA HIDRO,ES
2070,LEVOCABASTINA,ES
2071,LEVOCABASTINA HIDRO,ES
2072,LEVOCETIRIZINA DIHIDRO,ES
2073,BENSERAZIDA HIDRO,ES
2074,LEVODOPUM + CARBIDOP,MD
2075,LEVODROPROPIZINA,ES
2076,LEVOFLOXACINO,ES
2077,LEVOFOLINICO ACIDO,ES
2078,LEVOMEPROMAZINA HIDRO,ES
2079,LEVOMEPROMAZINA MALEATO,ES
2080,LEVOMEPROMAZIN,MD
2081,LEVOMETADONA HIDRO,ES
2082,LEVONORGESTREL,ES
2083,LEVOSIMENDAN,ES
2084,LEVOSULPIRIDA,ES
2085,LEVOTHYROXIN,MD
2086,LEVOTIROXINA SODICA,ES
2087,PRILOCAINA,ES
2088,LILIUM LANCIFOLI,ES
2089,LINACLOTIDA,ES
2090,LINAGLIPTINA,ES
2091,LINAGLIPTIN,MD
2092,LINCOMICINA HIDRO,ES
2093,LINEZOLID,ES
2094,LINVOSELTAMAB,ES
2095,LINZAGOLIX COLINA,ES
2096,LIPEGFILGRAST,ES
2097,LIPOPROTEINA RECOMBINANTE FHBP DE NEISSERIA MENINGITIDIS DEL SEROGRUPO B (RLP2086,ES
2098,SUBFAMILIA A),ES
2099,SUBFAMILIA B),ES
2100,LIRAGLUTIDA,ES
2101,LISDEXANFETAMINA DIMESILATO,ES
2102,LISINOPRIL,MD
2103,LISINOPRILUM+AMLODIPIN,MD
2104,LISOCABTAGEN MARALEUCEL,ES
2105,LITIO CARBONATO,ES
2106,LOBELIA INFLATA 6LM,ES
2107,LOMITAPIDA,ES
2108,LONCASTUXIMAB TESIRINA,ES
2109,LONOCTOCOG ALFA,ES
2110,LOPERAMIDA,ES
2111,LOPERAMIDA HIDRO,ES
2112,LOPINAVIR,ES
2113,RITONAVIR,ES
2114,LOPRAZOL,ES
2115,LORATADINA,ES
2116,LORAZEP,ES
2117,LORAZEPAM PIVALATO,ES
2118,LORLATINIB,ES
2119,LORMETAZEP,ES
2120,LORNOXIC,ES
2121,LOSARTAN POTASICO,ES
2122,LOSARTAN,MD
2123,LOSARTANUM+HYDROCHLORTHIAZID,MD
2124,LOVASTATINA,ES
2125,LOXAPINA,ES
2126,LUMASIRAN S,ES
2127,LURASIDONA HIDRO,ES
2128,LUSPATERCEPT,ES
2129,LUSUTROMBOPAG,ES
2130,LUTECIO (177),ES
2131,LUTECIO (177LU) OXODOTREOTIDA,ES
2132,LUTECIO (177LU) VIPIVOTIDA TETRAXETAN,ES
2133,LUTEIN,ES
2134,LUTROPINA ALFA,ES
2135,|LYCOPODIUM CLAVAT,ES
2136,NUX VOMICA DIL.,ES
2137,ANACARDI,ES
2138,LYCOPUS EUROPAE,ES
2139,LYCOSA,ES
2140,MACIMORELINA,ES
2141,MACITENTAN,ES
2142,MAGALDRATO,ES
2143,MAGNESIA SULFURICA,ES
2144,MAGNESIO BROMURO,ES
2145,MAGNESIO FLUORURO,ES
2146,MAGNESIUM CARBONIC,ES
2147,MAGNESIUM CHLORAT,ES
2148,MAGNESIUM CHLORIDE,ES
2149,MAGNESIUM BROMIDE,ES
2150,KALIUM PHOSPHORICUM DIL. 05,ES
2151,PHOSPHORIC ACID,ES
2152,CALCIUM PHOSPHORICUM DIL.,ES
2153,CHINA,ES
2154,CINNAMOMUM VER,ES
2155,MAGNESIUM PHOSPHORICUM TRIT.,ES
2156,MALTODEXTRINA,ES
2157,PELARGONIUM SIDOIDES EXTRACTO LIQUIDO DE RAIZ,ES
2158,MALTOL FERRICO,ES
2159,MANGANUM ACETIC,ES
2160,MANIDIPINO DIHIDRO,ES
2161,MAPROTILINA HIDRO,ES
2162,MARALIXIBAT CLORURO DE,ES
2163,MARAVIROC,ES
2164,MARIBAVIR,ES
2165,MARSTACIMAB,ES
2166,CARUM CARVI L. FRUTO,ES
2167,MENTA PIPERITA HOJA,ES
2168,COLA DE CABALLO,ES
2169,NOGAL,ES
2170,ROBLE,ES
2171,DIENTE DE LEON,ES
2172,MALVAVISCO,ES
2173,MATRICARIA RECUTITA TINTURA MADRE,ES
2174,AVENA SATIVA TINTURA MADRE,ES
2175,CRATAEGUS TINTURA MADRE,ES
2176,HUMULUS LUPULUS TINTURA MADRE,ES
2177,MELISSA OFFICINALIS TINTURA MADRE,ES
2178,NATRIUM BROMAT,ES
2179,VALERIANA OFFICINALIS TINTURA MADRE,ES
2180,MAVACAMTEN,ES
2181,MEBENDAZOL,ES
2182,MEBEVERINA,ES
2183,MEBEVERINA HIDRO,ES
2184,MECLOZINA,ES
2185,MECLOZINA DIHIDRO,ES
2186,MEDAZEP,ES
2187,MEDORRHIN,ES
2188,MEFENAMICO ACIDO,ES
2189,MEGESTROL,ES
2190,MEGLUMINA ANTIMONIATO,ES
2191,MELATONINA,ES
2192,MELFALAN,ES
2193,MELFALAN FLUFENAMIDA HIDRO,ES
2194,MELFALAN HIDRO,ES
2195,MELISSA OFFICINALIS EXTRACTO SECO,ES
2196,MELOXIC,ES
2197,MELOXICAM,MD
2198,MEMANTIN,MD
2199,MENOTROPINA,ES
2200,ACEITE ESENCIAL DE CARUM CARVI L,ES
2201,MENYANTHES TRIFOLIATA,ES
2202,MEPIFILINA,ES
2203,MEPIRAMINA ACEFILINATO,ES
2204,MEPIVACAINA HIDRO,ES
2205,MEPOLIZUMAB,ES
2206,MERBROMINA,ES
2207,MERCAPTAMINA,ES
2208,MERCAPTAMINA BITARTRATO,ES
2209,MERCAPTAMINA HIDRO,ES
2210,MERCAPTOPURINA,ES
2211,HAMAMELIS VIRGINIANA TINTURA MADRE,ES
2212,ECHINACEA MOTHER TINCTURE,ES
2213,ACHILLEA MILLEFOLIUM TINTURA MADRE,ES
2214,BELLIS PERENNIS TINTURA MADRE,ES
2215,ECHINACEA PURPUREA TINTURA MADRE,ES
2216,MEROPEN,ES
2217,VABORBACT,ES
2218,MERTIATIDA,ES
2219,MESALAZINA,ES
2220,MESALAZIN,MD
2221,MESNA,ES
2222,MESTEROLONA,ES
2223,METACOLINA HIDRO,ES
2224,METADONA HIDRO,ES
2225,METAMIZOL MAGNESICO,ES
2226,METAMIZOL MAGNESICO HEXAHIDRATO,ES
2227,METAMIZOL,ES
2228,METENOLONA ENANTATO,ES
2229,METFORMINA HIDRO,ES
2230,PIOGLITAZONA HIDRO,ES
2231,SAXAGLIPTINA,ES
2232,SITAGLIPTINA,ES
2233,SITAGLIPTINA FOSFATO,ES
2234,SITAGLIPTINA FUMARATO,ES
2235,SITAGLIPTINA HIDRO,ES
2236,VILDAGLIPTINA,ES
2237,METFORMIN,MD
2238,METHOTREXAT,MD
2239,METHYLPREDNISOLON,MD
2240,METILDIGOXINA,ES
2241,METILDOPA,ES
2242,METILERGOMETRINA MALEATO,ES
2243,METILFENIDATO,ES
2244,METILFENIDATO HIDRO,ES
2245,METILNALTREXONA BROMURO,ES
2246,METILPREDNISOLONA,ES
2247,METILPREDNISOLONA ACEPONATO,ES
2248,METILTIONINIO,ES
2249,METIRAPONA,ES
2250,METOCARBAMOL,ES
2251,METOCLOPRAMIDA HIDRO,ES
2252,METOPROLOL SUCCINATO,ES
2253,METOPROLOL TARTRATO,ES
2254,METOPROLOL,MD
2255,METOTREXATO,ES
2256,METOTREXATO DIS,ES
2257,METOTREXATO S,ES
2258,METOXALENO,ES
2259,METOXI-POLIETILENGLICOL-EPOETINA BETA,ES
2260,METRELEPTINA,ES
2261,METRONIDAZOL BENZOATO,ES
2262,MICONAZOL NITRATO,ES
2263,METRONIDAZOL,MD
2264,MEXILETINA HIDRO,ES
2265,MIANSERINA HIDRO,ES
2266,MICAFUNGINA SODICA,ES
2267,MICOFENOLATO DE MOFETILO,ES
2268,MICOFENOLATO S,ES
2269,MICONAZOL,ES
2270,MIDAZOL,ES
2271,MIDAZOLAM HIDRO,ES
2272,MIDODRINA HIDRO,ES
2273,MIDOSTAURINA,ES
2274,MIFAMURTIDA,ES
2275,MIFEPRISTONA,ES
2276,MIGALASTAT HIDRO,ES
2277,MIGLUSTAT,ES
2278,MILRINONA,ES
2279,MINOCICLINA HIDRO,ES
2280,MINOXI,ES
2281,MIRABEGRON,ES
2282,MIRDAMETINIB,ES
2283,MIRIKIZUMAB,ES
2284,MIRTAZAPINA,ES
2285,MIRTECAINA LAURIL,ES
2286,MIRTECAINA,ES
2287,MIRVETUXIMAB SORAVTANSINA,ES
2288,MITOMICINA,ES
2289,MITOTANO,ES
2290,MOCLOBEMIDA,ES
2291,MODAFINILO,ES
2292,MOGAMULIZUMAB,ES
2293,MOLSIDOMINA,ES
2294,MOMELOTINIB DIHIDRO,ES
2295,MOMETASON,MD
2296,MONAZITE,ES
2297,METANO,ES
2298,ACETILENO,ES
2299,MONTELUKAST,ES
2300,MONTELUKAST,MD
2301,MORFINA,ES
2302,MORFINA HIDRO,ES
2303,MORFINA SULFATO PENTAHIDRATO,ES
2304,MOROCTOCOG ALFA,ES
2305,MOSCH,ES
2306,MOSUNETUZUMAB,ES
2307,MOXIFLOXACINO,ES
2308,MOXIFLOXACINO HIDRO,ES
2309,MOXONIDINA,ES
2310,MUCOR MUCEDO,ES
2311,MUCUNA PRURIENS,ES
2312,MUPIROCINA,ES
2313,MYOSOTIS ARVENSIS,ES
2314,TEUCRIUM SCORODONIA,ES
2315,PINUS SYLVESTRIS,ES
2316,SMILAX,ES
2317,SCROPHULARIA NODOSA,ES
2318,LEVOTHYROXIN,ES
2319,GERANIUM ROBERTIAN,ES
2320,NASTURTIUM OFFICINALE,ES
2321,FERRUM IODAT,ES
2322,JUGLANS REGIA SSP. REGIA,ES
2323,VERONICA OFFICINALIS,ES
2324,NABUMETONA,ES
2325,NADIFLOXACINO,ES
2326,NAFARELINA,ES
2327,ANTAZOLINA FOSFATO,ES
2328,NAJA NAJA,ES
2329,NALDEMEDINA TOSILATO,ES
2330,NALMEFENO,ES
2331,NALOXEGOL OXALATO,ES
2332,OXICODONA HIDRO,ES
2333,NALOXONA,ES
2334,NALTREXONA HIDRO,ES
2335,NAPHTHALIN,ES
2336,NAPROXENO,ES
2337,SUMATRIPTAN SUCCINATO,ES
2338,NARATRIPTAN HIDRO,ES
2339,NATALIZUMAB,ES
2340,NATRII CHLORID,MD
2341,NATRIUM CHLORATUM TRIT.,ES
2342,NATRIUM IODAT,ES
2343,NATRIUM PHOSPHORIC,ES
2344,NATRIUM PHOSPHORICUM TRIT.,ES
2345,NATRIUM SULFURICUM TRIT.,ES
2346,NATRIUM TETRABORACIC,ES
2347,NATRIUM VALPROAT,MD
2348,NEBIVOLOL,ES
2349,NEBIVOLOL HIDRO,ES
2350,NEBIVOLOL,MD
2351,NEDOCROMILO,ES
2352,NEFOPAM HIDRO,ES
2353,NELARABINA,ES
2354,NEMOLIZUMAB,ES
2355,PREDNISONA,ES
2356,NEOSTIGMINA METIL,ES
2357,NEPAFENACO,ES
2358,NERATINIB MALEATO,ES
2359,NERIUM OLEANDER,ES
2360,NEUMOCOCO ANTIGENO POLISACARIDO CAPSULAR SEROTIPO 12F,ES
2361,NEUMOCOCO ANTIGENO POLISACARIDO CAPSULAR SEROTIPO 15B,ES
2362,NEUMOCOCO ANTIGENO POLISACARIDO CAPSULAR SEROTIPO 14,ES
2363,NEUMOCOCO ANTIGENO POLISACARIDO CAPSULAR SEROTIPO 17F,ES
2364,NEUMOCOCO ANTIGENO POLISACARIDO CAPSULAR SEROTIPO 18C,ES
2365,NEUMOCOCO ANTIGENO POLISACARIDO CAPSULAR SEROTIPO 19A,ES
2366,NEUMOCOCO ANTIGENO POLISACARIDO CAPSULAR SEROTIPO 19F,ES
2367,NEUMOCOCO ANTIGENO POLISACARIDO CAPSULAR SEROTIPO 2,ES
2368,NEUMOCOCO ANTIGENO POLISACARIDO CAPSULAR SEROTIPO 20,ES
2369,NEUMOCOCO ANTIGENO POLISACARIDO CAPSULAR SEROTIPO 22F,ES
2370,NEUMOCOCO ANTIGENO POLISACARIDO CAPSULAR SEROTIPO 23F,ES
2371,NEUMOCOCO ANTIGENO POLISACARIDO CAPSULAR SEROTIPO 3,ES
2372,NEUMOCOCO ANTIGENO POLISACARIDO CAPSULAR SEROTIPO 10A,ES
2373,NEUMOCOCO ANTIGENO POLISACARIDO CAPSULAR SEROTIPO 11A,ES
2374,NEUMOCOCO ANTIGENO POLISACARIDO CAPSULAR SEROTIPO 1,ES
2375,NEUMOCOCO ANTIGENO POLISACARIDO CAPSULAR SEROTIPO 33F,ES
2376,NEUMOCOCO ANTIGENO POLISACARIDO CAPSULAR SEROTIPO 4,ES
2377,NEUMOCOCO ANTIGENO POLISACARIDO CAPSULAR SEROTIPO 6B,ES
2378,NEUMOCOCO ANTIGENO POLISACARIDO CAPSULAR SEROTIPO 8,ES
2379,NEUMOCOCO ANTIGENO POLISACARIDO CAPSULAR SEROTIPO 9V,ES
2380,NEUMOCOCO ANTIGENO POLISACARIDO CAPSULAR SEROTIPO 5,ES
2381,NEUMOCOCO ANTIGENO POLISACARIDO CAPSULAR SEROTIPO 7F,ES
2382,NEUMOCOCO ANTIGENO POLISACARIDO CAPSULAR SEROTIPO 9N,ES
2383,NEUMOCOCO ANTIGENO POLISACARIDO CAPSULAR SEROTIPO 6A,ES
2384,NEUMOCOCO ANTIGENO POLISACARIDO CAPSULAR SEROTIPO 31,ES
2385,NEUMOCOCO ANTIGENO POLISACARIDO CAPSULAR SEROTIPO 35B,ES
2386,NEUMOCOCO ANTIGENO POLISACARIDO CAPSULAR SEROTIPO 15A,ES
2387,NEUMOCOCO ANTIGENO POLISACARIDO CAPSULAR SEROTIPO 16F,ES
2388,NEUMOCOCO ANTIGENO POLISACARIDO CAPSULAR SEROTIPO 20A,ES
2389,NEUMOCOCO ANTIGENO POLISACARIDO CAPSULAR SEROTIPO 23A,ES
2390,NEUMOCOCO ANTIGENO POLISACARIDO CAPSULAR SEROTIPO 23B,ES
2391,NEUMOCOCO ANTIGENO POLISACARIDO CAPSULAR SEROTIPO 24F,ES
2392,NEVIRAPINA,ES
2393,ANHIDRA,ES
2394,NICARDIPINO HIDRO,ES
2395,NICERGOLINA,ES
2396,NICOTINA,ES
2397,NICOTINA BITARTRATO,ES
2398,NICOTINA RESINATO,ES
2399,NICOTINAMIDA,ES
2400,COCARBOXILASA,ES
2401,RIBOFLAVINA FOSFATO S,ES
2402,COCARBOXILASA TETRAHIDRATO,ES
2403,TODO-RAC-ALFA-TOCOFEROL,ES
2404,TODO-RAC- FITOMENADIONA,ES
2405,TODO-RAC-ALFA-TOCOFERILO ACETATO DE,ES
2406,RIBOFLAVINA,ES
2407,RETINOL,ES
2408,NIFEDIPINO,ES
2409,NIFLUMICO ACIDO,ES
2410,NIFURTIMOX,ES
2411,NILOTINIB,ES
2412,NILOTINIB HIDRO,ES
2413,NIMESULID,MD
2414,NIMODIPINO,ES
2415,NINTEDANIB,ES
2416,NINTEDANIB ESILATO,ES
2417,NIPOCALIMAB,ES
2418,NIROGACESTAT HIDROBROMURO,ES
2419,NIRSEVIMAB,ES
2420,NISTATINA,ES
2421,NITISINONA,ES
2422,NITRICO OXIDO,ES
2423,NITROFURAL,ES
2424,NITROFURANTOINA,ES
2425,NITROGLICERINA,ES
2426,NITROPRUSIATO S,ES
2427,NIVOLUMAB,ES
2428,RELATLIMAB,ES
2429,NONACOG ALFA,ES
2430,NONACOG BETA PEGOL,ES
2431,NONACOG GAMMA,ES
2432,NOREPINEFRINA BITARTRATO,ES
2433,NOREPINEFRINA TARTRATO,ES
2434,NORFLOXACINO,ES
2435,NORGESTIMATO,ES
2436,NORTRIPTILINA HIDRO,ES
2437,NOSCAPINA HIDRO,ES
2438,NUSINERSEN,ES
2439,OBINUTUZUMAB,ES
2440,OCRELIZUMAB,ES
2441,OCRIPLASMINA,ES
2442,OCTOCOG ALFA,ES
2443,OCTREOTIDA,ES
2444,ODEVIXIBAT,ES
2445,ODRONEXTAMAB,ES
2446,OFATUMUMAB,ES
2447,OFLOXACINO,ES
2448,OFLOXACIN,MD
2449,OLANZAPINA,ES
2450,OLAPARIB,ES
2451,OLEA EUROPAEA,ES
2452,OLEZARSEN,ES
2453,OLIPUDASA ALFA,ES
2454,OLIVENITE,ES
2455,OLODATEROL HIDRO,ES
2456,TIOTROPIO,ES
2457,BROMURO DE,ES
2458,OLOPATADINA HIDRO,ES
2459,OMALIZUMAB,ES
2460,OMAVELOXOLONA,ES
2461,OMEPRAZOL,ES
2462,OMEPRAZOL,MD
2463,ONASEMNOGEN ABEPARVOVEC,ES
2464,ONDANSETRON,ES
2465,ONDANSETRON HIDRO,ES
2466,ONOSMODIUM VIRGINIAN,ES
2467,OPICAPONA,ES
2468,OPI,ES
2469,ORCHITIN,ES
2470,ORIGANUM VULGARE,ES
2471,ORITAVANCINA DIFOSFATO,ES
2472,ORLISTAT,ES
2473,ORYCTOLAGUS CUNICUL,ES
2474,ARTERIA,ES
2475,BAZO,ES
2476,BRONQUIOS,ES
2477,CEREBELO,ES
2478,DISCO INTERVERTEBRAL,ES
2479,GANGLIO LINFATICO,ES
2480,GLANDULA PITUITARIA POSTERIOR,ES
2481,GLANDULA PITUITARIA,ES
2482,HIGADO,ES
2483,HIPOTALAMO,ES
2484,HUESO,ES
2485,LENTES,ES
2486,MEDULA ESPINAL,ES
2487,MEDULA OSEA,ES
2488,MUSCULO ESTRIADO,ES
2489,NERVIO OPTICO,ES
2490,NERVIO PARASIMPATICO,ES
2491,PANCREAS,ES
2492,PIEL,ES
2493,PULMON,ES
2494,VERTEBRA,ES
2495,GLANDULA ADRENAL,ES
2496,OSELTAMIVIR FOSFATO,ES
2497,OSILODROSTAT FOSFATO,ES
2498,OSIMERTINIB MESILATO,ES
2499,OSPEMIFENO,ES
2500,OTILONIO BROMURO,ES
2501,OXALIPLATINO,ES
2502,OXCARBAZEPINA,ES
2503,OXIBATO S,ES
2504,OXIBUPROCAINA HIDRO,ES
2505,OXIBUTININA,ES
2506,OXIBUTININA HIDRO,ES
2507,OXICODONA,ES
2508,OXIDO NITROSO,ES
2509,OXIGENO,ES
2510,OXIDRONATO S,ES
2511,OXIHIDROXIDO SUCROFERRICO,ES
2512,OXIMETAZOLINA HIDRO,ES
2513,OXINA,ES
2514,OXINATO DE,ES
2515,OXITETRACICLINA HIDRO,ES
2516,OXITOCINA,ES
2517,OZANIMOD HIDRO,ES
2518,OZENOXACINO,ES
2519,PACLITAXEL,ES
2520,PADELIPORFINA,ES
2521,PALBOCICLIB,ES
2522,PALIPERIDONA,ES
2523,PALIPERIDONA PALMITATO,ES
2524,PALIVIZUMAB,ES
2525,PALONOSETRON HIDRO,ES
2526,FOSNETUPITANT,ES
2527,NETUPITANT,ES
2528,PALOPEGTERIPARATIDA,ES
2529,PAMIDRONICO ACIDO,ES
2530,PANCREATINA,ES
2531,PANCREATIN,MD
2532,PANITUMUMAB,ES
2533,PANOBINOSTAT,ES
2534,PANTOPRAZOL,ES
2535,PANTOPRAZOL,MD
2536,PANTOTENATO CALCIO,ES
2537,TIAMINA NITRATO,ES
2538,PANTOTENATO S,ES
2539,PARA-AMINOSALICILICO ACIDO,ES
2540,PARACETAMOL,ES
2541,SALICILAMIDA,ES
2542,BROMFENIRAMINA MALEATO,ES
2543,VITAMINA C,ES
2544,CLORFENAMINA,ES
2545,TIOCOLCHICOSIDO,ES
2546,PARACETAMOL,MD
2547,PARAFINA LIQUIDA,ES
2548,PICOSULFATO S,ES
2549,PARATYPHOIDINUM B,ES
2550,PARECOXIB,ES
2551,PARICALCITOL,ES
2552,PARIETARIA OFFICINALIS,ES
2553,PAROMOMICINA,ES
2554,PAROXETINA,ES
2555,PAROXETINA  HIDRO,ES
2556,PAROXETINA HIDRO,ES
2557,PAROXETINA MESILATO,ES
2558,PAROXETIN,MD
2559,PASIREOTIDA,ES
2560,PASIREOTIDA PAMOATO,ES
2561,ZINCUM ISOVALERIANIC,ES
2562,PASSIFLORA INCARNATA EXTO SECO,ES
2563,PASSIFLORA INCARNATA PARTE AEREA EXTRACTO SECO,ES
2564,PASSIFLORA INCARNATA SUMIDAD,ES
2565,PATIROMER SORBITEX CALCIO,ES
2566,PATIROMERO CALCIO,ES
2567,PATISIRAN S,ES
2568,PAZOPANIB HIDRO,ES
2569,PEGASPARGASA,ES
2570,PEGCETACOPLAN,ES
2571,PEGFILGRAST,ES
2572,PEGINTERFERON ALFA- 2A,ES
2573,PEGINTERFERON BETA-1A,ES
2574,PEGUNIGALSIDASA ALFA,ES
2575,PEGVALIASA,ES
2576,PEGVISOMANT,ES
2577,PEGZILARGINASA,ES
2578,PELARGONIUM SIDOIDES EXTRACTO SECO RAIZ,ES
2579,PEMBROLIZUMAB,ES
2580,PEMETREXED,ES
2581,PEMETREXED DIS,ES
2582,PEMETREXED DISODIO HEMIPENTAHIDRATO,ES
2583,PEMIGATINIB,ES
2584,PENCICLOVIR,ES
2585,PENICILAMINA,ES
2586,PENICILLIN,ES
2587,PENTAMIDINA ISETIONATO,ES
2588,PENTOSANO POLISULFATO S,ES
2589,PENTOSTATINA,ES
2590,PENTOXIFILINA,ES
2591,PENTOXIFYLLIN,MD
2592,PENTOXIVERINA CITRATO,ES
2593,PERAMPANEL,ES
2594,PERAMPANEL HIDRATO (4:3),ES
2595,PERFENAZINA,ES
2596,PERFLUTRENO,ES
2597,PERICIAZINA,ES
2598,PERINDOPRIL,MD
2599,PERINDOPRILUM ARGININUM+INDAPAMID,MD
2600,PERMETRINA,ES
2601,PEROXIDO DE HIDROGENO,ES
2602,PERTECNETATO 99MTC  S,ES
2603,MOLIBDATO (99MO) DE S,ES
2604,PERTUZUMAB,ES
2605,PETIDINA HIDRO,ES
2606,PEUMUS BOLDUS M. HOJA,ES
2607,CYNODON DACTYLON,ES
2608,OPUNTIA FICUS INDICA,ES
2609,ROSMARINUS OFFICINALIS,ES
2610,SIDERITIS ANGUSTIFOLIA SUMIDAD FLORIDA,ES
2611,SPERGULARIA RUBRA PARTE AEREA,ES
2612,PHENOBARBITAL,MD
2613,PHLEUM PRATENSE EXTRACTO DE POLEN,ES
2614,PHOSPHORUS TRI-IODAT,ES
2615,PHYSOSTIGMA VENENOS,ES
2616,PHYTOLACCA,ES
2617,TEUCRIUM MAR,ES
2618,APIS,ES
2619,BELLADONA,ES
2620,MAGNESIO OXIDO LIGERO,ES
2621,MAGNESIO OXIDO,ES
2622,PIDOLATO CALCIO,ES
2623,PIDOLATO MAGNESIO,ES
2624,PIFLUFOLASTAT (18F),ES
2625,PIKETOPROFENO,ES
2626,PILOCARPINA HIDRO,ES
2627,PILOCARPIN,MD
2628,PIMECROLIM,ES
2629,PIMOZIDA,ES
2630,PIMPINELLA ANISUM FRUTOS,ES
2631,GLYCYRRHIZA GLABRA RAIZ,ES
2632,PINAVERIO BROMURO,ES
2633,PIOGLITAZONA,ES
2634,PIPERACILINA SODICA,ES
2635,TAZOBACT,ES
2636,PIPERACILINA,ES
2637,PIRACET,ES
2638,VINCAMINA,ES
2639,PIRACETAM,MD
2640,PIRANTEL EMBONATO,ES
2641,PIRFENIDONA,ES
2642,PIRIDOSTIGMINA BROMURO,ES
2643,PIRIMETAMINA,ES
2644,PIROXIC,ES
2645,PIRTOBRUTINIB,ES
2646,PITAVASTATINA,ES
2647,PITOLISANT,ES
2648,PITOLISANT HIDRO,ES
2649,PIVMECILINAM HIDRO,ES
2650,PIX LIQUIDA,ES
2651,PIZOTIFENO MALEATO,ES
2652,PLACENTA,ES
2653,PLANTAGO MAJOR TINTURA,ES
2654,ECHINACEA ANGUSTIFOLIA TINTURA MADRE,ES
2655,PLANTAGO OVATA FORSKK. CASCARA,ES
2656,PLANTAGO OVATA FORSKK. SEMILLA CUTICULA,ES
2657,PLANTAGO OVATA FORSKK. SEMILLA,ES
2658,PLATA NITRATO,ES
2659,PLATINUM METALLIC,ES
2660,PLERIXAFOR,ES
2661,PODOFILOTOXINA,ES
2662,PODOPHYLLIN,ES
2663,POLATUZUMAB VEDOTINA,ES
2664,POLEN GRAMINEA EXTRACTO ALERGENICO,ES
2665,POLIESTIRENOSULFONATO CALCIO,ES
2666,POLIESTIRENOSULFONATO S,ES
2667,POLIHEXANIDA,ES
2668,TRIMETOPRIMA,ES
2669,POLIOVIRUS INACTIVADO TIPO 1 (MAHONEY) PRODUCIDO EN CELULAS VERO,ES
2670,POLIOVIRUS INACTIVADO TIPO 2 (MEF-1) PRODUCIDO EN CELULAS VERO,ES
2671,POLIOVIRUS INACTIVADO TIPO 3  (SAUKETT PRODUCIDO EN CELULAS VERO,ES
2672,POLLANTIN,ES
2673,POLYGONUM AVICULARE,ES
2674,POLYPODIUM LEUCOTOMOS,ES
2675,POLYPODIUM LEUCOTOMOS EXTRACTO,ES
2676,POMALIDOMIDA,ES
2677,PONATINIB,ES
2678,PONESIMOD,ES
2679,POSACONAZOL,ES
2680,POTASIO BICARBONATO,ES
2681,POTASIO IODURO,ES
2682,VITAMINA B12,ES
2683,SODIO FLUORURO,ES
2684,SODIO MOLIBDATO,ES
2685,COBRE,ES
2686,CLORURO DE HIERRO (III) HEXAHIDRATO,ES
2687,SELENITO SODIO ANHIDRO,ES
2688,HIERRO CLORURO TETRAHIDRATO,ES
2689,SELENITO SODIO PENTAHIDRATO,ES
2690,MANGANESO (CLORURO DE) TETRAHIDRATO,ES
2691,POTASIO,ES
2692,TARTARICO ACIDO,ES
2693,POVIDONA,ES
2694,POVIDONA IODADA,ES
2695,PRAMIPEXOL,ES
2696,PRAMIPEXOL DIHIDRO,ES
2697,PRASTERONA,ES
2698,PRASTERONE SULFATE,ES
2699,PRASTERONE SULFATO,ES
2700,PRASUGREL,ES
2701,PRASUGREL HIDROBROMURO,ES
2702,PRASUGREL HIDRO,ES
2703,PRAVASTATINA SODICA,ES
2704,PRAZOSINA HIDRO,ES
2705,PREDNICARBATO,ES
2706,PREDNISOLONA ESTEAGLATO,ES
2707,PREDNISOLONA FOSFATO S,ES
2708,PREDNISOLON,MD
2709,PREGABALINA,ES
2710,PREGABALIN,MD
2711,PRILOCAINA HIDRO,ES
2712,PRIMIDONA,ES
2713,PRIMULA,ES
2714,TOMILLO EXTO,ES
2715,PROCAINAMIDA HIDRO,ES
2716,PROCARBAZINA HIDRO,ES
2717,PROCICLIDINA HIDRO,ES
2718,PROGESTERON,MD
2719,PROGESTERON,ES
2720,PROMESTRIENO,ES
2721,PROMETAZINA,ES
2722,PROPAFENONA HIDRO,ES
2723,PROPANOCAINA HIDRO,ES
2724,PROPIVERINA HIDRO,ES
2725,PROPOFOL,ES
2726,PROPRANOLOL,ES
2727,PROPRANOLOL HIDRO,ES
2728,PROPRANOLOL,MD
2729,PROTAMINA,ES
2730,PROTEINA C PLASMA HUMANO PURIFICADACON ANTICUERPOS MONOCLONALES DE RATON,ES
2731,PROTEINA RECOMBINANTE DE FUSION NHBA DE NEISSERIA MENINGITIDIS DEL GRUPO B,ES
2732,PROTEINA RECOMBINANTE NADA DE NEISSERIA MENINGITIDIS DEL GRUPO B,ES
2733,PROTEINA RECOMBINANTE DE FUSION FHBP DE NEISSERIA MENINGITIDIS DEL GRUPO B,ES
2734,VESICULAS DE LA MEMBRANA EXTERNA (OMV) DE NEISSERIA MENINGITIDIS GRUPO B (CEPA NZ98/254 MEDIDAS COMO LA CANTIDAD TOTAL DE PROTEINA QUE CONTIENE EL PORA P1.4),ES
2735,PROTEINSUCCINILATO HIERRO,ES
2736,PRUCALOPRIDA SUCCINATO,ES
2737,PRUNUS LAUROCERAS,ES
2738,PRUNUS SPINOSA,ES
2739,PSEUDOGNAPHALIUM OBTUSIFOLI,ES
2740,PSMA-1007 (18F),ES
2741,PSORIN,ES
2742,DROSERA ROTUNDIFOLIA,ES
2743,BERBERIS,ES
2744,SEPIA OFFICINALIS,ES
2745,CANTHARIS,ES
2746,EQUISETUM ARVENSE DIL.,ES
2747,PAREIRA BRAVA TINTURA MADRE,ES
2748,POPULUS TREMULOIDES,ES
2749,PYRIDOSTIGMINI BROMID,MD
2750,PYRIDOXIN,MD
2751,PYROGENI,ES
2752,QUENODESOXICOLICO ACIDO,ES
2753,QUETIAPINA,ES
2754,QUETIAPINA FUMARATO,ES
2755,QUETIAPINA HEMIFUMARATO,ES
2756,QUIZARTINIB DIHIDRO,ES
2757,RABEPRAZOL,ES
2758,RABEPRAZOL,MD
2759,RACECADOTRILO,ES
2760,RADAMTS13,ES
2761,RADIO 223 DI,ES
2762,RADIUM BROMAT,ES
2763,RALOXIFENO,ES
2764,RALOXIFENO HIDRO,ES
2765,RALTEGRAVIR,ES
2766,RALTEGRAVIR POTASIO,ES
2767,RALTITREXED,ES
2768,RAMIPRIL,MD
2769,RAMUCIRUMAB,ES
2770,RANIBIZUMAB,ES
2771,RANOLAZINA,ES
2772,RAPHANUS SATIVUS VAR. NIGER,ES
2773,RASAGILINA,ES
2774,RASAGILINA BESILATO,ES
2775,RASAGILINA MESILATO,ES
2776,RASAGILINA TARTRATO,ES
2777,RASBURICASA,ES
2778,RAUWOLFIA SERPENTINA,ES
2779,RAVULIZUMAB,ES
2780,RAXTOZINAMERAN,ES
2781,RDESAT-6,ES
2782,RCFP-10,ES
2783,REBOXETINA,ES
2784,REBOXETINA METANOSULFONATO,ES
2785,REGADENOSON,ES
2786,REGDANVIMAB,ES
2787,REGORAFENIB,ES
2788,REMDESIVIR,ES
2789,REMIFENTANILO HIDRO,ES
2790,REMIMAZOLAM BESILATO,ES
2791,RENINA,ES
2792,RENIO RE-186 SULFURO,ES
2793,REPAGLINIDA,ES
2794,REPAGLINID,MD
2795,RESLIZUMAB,ES
2796,RESMETIROM,ES
2797,RESORCINOL,ES
2798,RETIFANLIMAB,ES
2799,REZAFUNGINA,ES
2800,ACETATO DE,ES
2801,RHAMNUS PURSHIANA DC. CORTEZA,ES
2802,FUCUS VESICULOSUS EXTO SECO,ES
2803,RHAMNUS PURSHIANA DC. EXTRACTO SECO,ES
2804,RHAMNUS FRANGULA L. EXTRACTO SECO,ES
2805,RHE,ES
2806,RHODIOLA ROSEA RAIZ EXTRACTO SECO,ES
2807,RHODODENDRON TINTURA MADRE,ES
2808,NUX VOMICA TINTURA MADRE,ES
2809,BERBERIS VULGARIS URT.,ES
2810,DULCAMARA DIL.,ES
2811,RIBAVIRINA,ES
2812,RIBES NIGR,ES
2813,RIBOCICLIB,ES
2814,RICINUS COMMUNIS,ES
2815,RIFABUTINA,ES
2816,RIFAMICINA SODICA,ES
2817,RIFAXIMINA,ES
2818,RILUZOL,ES
2819,RIMEGEPANT,ES
2820,RIOCIGUAT,ES
2821,RIPRETINIB,ES
2822,RISANKIZUMAB,ES
2823,RISDIPL,ES
2824,RISEDRONATO S,ES
2825,RISEDRONATO SODIO HEMIPENTAHIDRATO,ES
2826,RISPERIDONA,ES
2827,RISPERIDON,MD
2828,RITLECITINIB TOSILATO,ES
2829,RITODRINA HIDRO,ES
2830,NIRMATRELVIR,ES
2831,RITUXIMAB,ES
2832,RIVAROXABAN,ES
2833,RIVAROXABAN,MD
2834,RIVASTIGMINA,ES
2835,RIVASTIGMINA BITARTRATO,ES
2836,RIVASTIGMINA HIDROGENO TARTRATO,ES
2837,RIZATRIPTAN BENZOATO,ES
2838,ROCURONIO BROMURO,ES
2839,ROFLUMILAST,ES
2840,ROMERO,ES
2841,CENTAUREA MENOR,ES
2842,LEVISTICO,ES
2843,ROMIPLOST,ES
2844,ROMOSOZUMAB,ES
2845,ROPEGINTERFERON ALFA-2B,ES
2846,ROPINIROL,ES
2847,ROPINIROL HIDRO,ES
2848,ROPIVACAINA HIDRO,ES
2849,FENOFIBRATO MICRONIZADO,ES
2850,ROSUVASTATIN,MD
2851,ROTAVIRUS HUMANO,ES
2852,ROTAVIRUS HUMANO SEROTIPO G1,ES
2853,ROTAVIRUS HUMANO SEROTIPO G2,ES
2854,ROTAVIRUS HUMANO SEROTIPO G3,ES
2855,ROTAVIRUS HUMANO SEROTIPO G4,ES
2856,ROTAVIRUS HUMANO SEROTIPO P1,ES
2857,ROTIGOTINA,ES
2858,ROXADUSTAT,ES
2859,ROXITHROMYCIN,MD
2860,ROXITROMICINA,ES
2861,ROZANOLIXIZUMAB,ES
2862,RUBY,ES
2863,RUCAPARIB CAMSILATO,ES
2864,RUFINAMIDA,ES
2865,RUPATADINA FUMARATO,ES
2866,RURIOCTOCOG ALFA PEGOL,ES
2867,TRIMEBUTINA,ES
2868,RUSCUS ACULEAT,ES
2869,RUTA DIL.,ES
2870,RUXOLITINIB,ES
2871,RUXOLITINIB FOSFATO,ES
2872,SABAL SERRULATA,ES
2873,SABAL SERRULATA EXTO BLANDO,ES
2874,SACCHAROMYCES BOULARDII,ES
2875,SACCHAROMYCES BOULARDII CNCM I-745,ES
2876,SACCHARUM LACTIS,ES
2877,SACITUZUMAB GOVITECAN,ES
2878,SACUBITRILO TROMETAMINA,ES
2879,VALSARTAN TROMETAMINA POTASIO,ES
2880,SAFINAMIDA,ES
2881,SAFINAMIDA MESILATO,ES
2882,SAFINAMIDA METANOSULFONATO,ES
2883,"SAL TETRASODICA AC 33 DIFOSFONO-1,2 PROPDICARBOX",ES
2884,SALBUTAMOL,MD
2885,CINEOL,ES
2886,FENILBUTAZONA,ES
2887,ACETICO ACIDO,ES
2888,FLUFENAMICO ACIDO,ES
2889,HEPARINOIDES,ES
2890,SALMETEROLUM+FLUTICASON,MD
2891,"SALMONELLA TYPHI CEPA TY-21A,GERMENES VIVOS",ES
2892,SALVIA OFFICINALIS,ES
2893,SAMARIO (153SM) LEXIDRON,ES
2894,SAPPHIRE,ES
2895,SAPROPTERINA,ES
2896,SAPROPTERINA DIHIDRO,ES
2897,SAPROPTERINA HIDRO,ES
2898,SARCOLACTICUM ACID,ES
2899,ZINCUM OXYDAT,ES
2900,SARILUMAB,ES
2901,SATRALIZUMAB,ES
2902,SAXAGLIPTINA HIDRO,ES
2903,SEBELIPASA ALFA,ES
2904,CARDUUS MARIANUS TINTURA MADRE,ES
2905,TRILLIUM PENDUL,ES
2906,VINCA MINOR,ES
2907,TABAC,ES
2908,SECNIDAZOL ANHIDRO,ES
2909,SECUKINUMAB,ES
2910,SELADELPAR LISINA,ES
2911,SELEGILINA HIDRO,ES
2912,SELENIO SULFURO,ES
2913,SELEXIPAG,ES
2914,SELINEXOR,ES
2915,SELPERCATINIB,ES
2916,SELUMETINIB,ES
2917,SEMAGLUTIDA,ES
2918,SENNA,ES
2919,SENOSIDOS A-B,ES
2920,SENOSIDOS A-B CALCICOS,ES
2921,ZINCUM VALERIANIC,ES
2922,SERENOA REPENS EXTRACTO LIPIDO ESTEROLICO,ES
2923,SERINA,ES
2924,FENILALANINA,ES
2925,ISOLEUCINA,ES
2926,LEUCINA,ES
2927,TREONINA,ES
2928,METIONINA,ES
2929,PROLINA,ES
2930,LISINA,ES
2931,VALINA,ES
2932,TIROSINA,ES
2933,ARGININA,ES
2934,CISTEINA,ES
2935,TAURINA,ES
2936,ACETILTIROSINA,ES
2937,ORNITINA HIDRO,ES
2938,ASPARAGINA,ES
2939,ZINC SULFATO HEPTAHIDRATO,ES
2940,SOJA,ES
2941,ACEITE DE,ES
2942,REFINADO,ES
2943,OLIVA,ES
2944,ACEITE DE PESCADO RICO EN OMEGA 3,ES
2945,GLICEROFOSFATO DE SODIO HIDRATADO,ES
2946,POTASIO FOSFATO,ES
2947,L-TRIPTOFANO,ES
2948,ACEITE DE SOJA  ACEITE DE OLIVA,ES
2949,ORNITINA,ES
2950,HISTIDINA HIDRO,ES
2951,POTASIO DIHIDROGENOFOSFATO,ES
2952,USNICO ACIDO,ES
2953,SEROTONIN,ES
2954,SEROTONINUM MURIATIC,ES
2955,SERPLULIMAB,ES
2956,SERTACONAZOL NITRATO,ES
2957,SERTINDOL,ES
2958,SERTRALINA,ES
2959,SERTRALINA HIDRO,ES
2960,SERTRALIN,MD
2961,SETMELANOTIDA,ES
2962,SEVELAMERO CARBONATO,ES
2963,SEVELAMERO HIDRO,ES
2964,SEVOFLURANO,ES
2965,SIEGESBECKIA ORIENTALIS,ES
2966,SILDENAFILO,ES
2967,SILDENAFILO CITRATO,ES
2968,SILDENAFIL,MD
2969,SILIBININA SUCCINATO S,ES
2970,SILIMARINA,ES
2971,SILODOSINA,ES
2972,SILTUXIMAB,ES
2973,VERONICASTRUM VIRGINIC,ES
2974,PEUMUS BOLD,ES
2975,TARAXACUM DENS LEONIS,ES
2976,SILYBUM MARIANUM L.,ES
2977,SILYBUM MARIANUM L. EXTRACTO SECO,ES
2978,TARAXACUM OFFICINALE F.H. WIGG EXTRACTO SECO,ES
2979,CYNARA SCOLYMUS L. EXTRACTO SECO,ES
2980,PEUMUS BOLDUS  M. EXTRACTO SECO,ES
2981,SIMAROUBA CEDRON,ES
2982,CLEBOPRIDA,ES
2983,SIMOCTOCOG ALFA,ES
2984,SIPAVIBART,ES
2985,SIPONIMOD ACIDO FUMARICO,ES
2986,SIROLIM,ES
2987,SITAGLIPTINA MALATO,ES
2988,SITAGLIPTINA TARTRATO,ES
2989,SITAGLIPTIN,MD
2990,SITAGLIPTINUM+METFORMIN,MD
2991,CITRATO MAGNESIO,ES
2992,ICODEXTRINA,ES
2993,SODIO HIDROGENOFOSFATO,ES
2994,SODIO PIROFOSFATO,ES
2995,SOFOSBUVIR,ES
2996,LEDIPASVIR,ES
2997,VELPATASVIR,ES
2998,VOXILAPREVIR,ES
2999,SOLANUM GLAUCOPHYLL,ES
3000,SAMBUCUS TINTURA MADRE,ES
3001,CRATAEGUS OXYACANTHA TM,ES
3002,EPHEDRA VULGARIS,ES
3003,GALEOPSIS OCHROLEUCA TM,ES
3004,STRAMONI,ES
3005,YERBA SANTA,ES
3006,SOLIFENACINA SUCCINATO,ES
3007,SOLRIAMFETOL HIDRO,ES
3008,SOMAPACITAN,ES
3009,SOMATOSTATINA,ES
3010,SOMATROGON,ES
3011,SOMATROPINA,ES
3012,SOMATROPINA RECOMBINANTE,ES
3013,SONIDEGIB,ES
3014,SORAFENIB TOSILATO,ES
3015,SOTALOL HIDRO,ES
3016,SOTATERCEPT,ES
3017,SOTORASIB,ES
3018,SPIRONOLACTON,MD
3019,SPONGILLA LACUSTRIS,ES
3020,STANNUM METALLIC,ES
3021,STAPHYLOCOCCIN,ES
3022,STIBIUM SULFURATUM NIGR,ES
3023,STREPTOCOCCIN,ES
3024,STRONTIUM CARBONIC,ES
3025,STROPHANTHUS HISPID,ES
3026,STRYCHNIN,ES
3027,AQUILEGIA VULGARIS,ES
3028,ORIGANUM MAJORANA,ES
3029,CONYZA CANADENSIS,ES
3030,SUCCIMERO,ES
3031,SUCCIN,ES
3032,SUFENTANILO CITRATO,ES
3033,SUGAMMADEX S,ES
3034,SUGEMALIMAB,ES
3035,SULBUTIAMINA,ES
3036,SULFADIAZINA,ES
3037,SULFADIAZINA ARGENTICA,ES
3038,SULFAMETHOXAZOLUM + TRIMETHOPRIM,MD
3039,SULFAMETOXAZOL,ES
3040,BALSAMO TOLU EXTO FLUIDO,ES
3041,SULFASALAZINA,ES
3042,VINCETOXICUM HIRUNDINARIA,ES
3043,SULODEXIDA,ES
3044,SULODEXID,MD
3045,SULPIRIDA,ES
3046,SULPIRID,MD
3047,SULTIAMO,ES
3048,SUMATRIPTAN,ES
3049,SUMATRIPTAN,MD
3050,SUNITINIB,ES
3051,SUNITINIB HIDRO,ES
3052,SUNITINIB MALATO,ES
3053,SUSOCTOCOG ALFA,ES
3054,SUTIMLIMAB,ES
3055,SUXAMETONIO,ES
3056,SYMPHORICARPUS RACEMOS,ES
3057,SYPHILIN,ES
3058,SYZYGIUM CUMINI,ES
3059,TABELECLEUCEL,ES
3060,TACROLIM,ES
3061,TAFAMIDIS,ES
3062,TAFAMIDIS MEGLUMINA,ES
3063,TAFASITAMAB,ES
3064,TAFLUPROST,ES
3065,TAGRAXOFUSP,ES
3066,TALAZOPARIB TOSILATO,ES
3067,TALIDOMIDA,ES
3068,TALIMOGEN LAHERPAREPVEC,ES
3069,TALIO 201,ES
3070,TALQUETAMAB,ES
3071,TAMOXIFENO CITRATO,ES
3072,TAMOXIFEN,MD
3073,TAMSULOSINA HIDRO,ES
3074,TAMSULOSIN,MD
3075,TANICO ACIDO,ES
3076,TAPENTADOL FOSFATO,ES
3077,TAPENTADOL HIDRO,ES
3078,TAPENTADOL MALEATO,ES
3079,TASONERMINA,ES
3080,TAUROCOLICO ACIDO,ES
3081,CEFTOLOZANO,ES
3082,TE VERDE,ES
3083,TEBENTAFUSP,ES
3084,TECLISTAMAB,ES
3085,TEDIZOLID FOSFATO,ES
3086,TEDUGLUTIDA,ES
3087,TEGAFUR,ES
3088,GIMERACILO,ES
3089,OTERACILO POTASICO,ES
3090,TEGOMIL,ES
3091,FUMARATO DE,ES
3092,TEICOPLANINA,ES
3093,TELMISARTAN,ES
3094,TELMISARTAN,MD
3095,TELOTRISTAT ETIPRATO,ES
3096,TEMOPORFINA,ES
3097,TEMOZOLOMIDA,ES
3098,TEMSIROLIM,ES
3099,TENECTEPLASA,ES
3100,TENOFOVIR DISOPROXILO FUMARATO,ES
3101,TENOFOVIR,ES
3102,TENOXIC,ES
3103,TENSIOACTIVO PULMONAR PORCINO,ES
3104,TEOFILINA ANHIDRA,ES
3105,TEPLIZUMAB,ES
3106,TEPOTINIB HIDRO,ES
3107,TEPROTUMUMAB,ES
3108,TERAZOSINA HIDRO,ES
3109,TERBINAFINA,ES
3110,TERBINAFINA HIDRO,ES
3111,TERBUTALINA,ES
3112,TEREBINTHINA,ES
3113,TERIFLUNOMIDA,ES
3114,TERIPARATIDA,ES
3115,TERLIPRESINA,ES
3116,TESTOSTERONA,ES
3117,TESTOSTERONA CIPIONATO,ES
3118,TESTOSTERONA PROPIONATO,ES
3119,TESTOSTERONA UNDECANOATO,ES
3120,TETRABENAZINA,ES
3121,TETRACICLINA HIDRO,ES
3122,BISMUTO SUBCITRATO,ES
3123,TETRADECIL SULFATO S,ES
3124,TETROFOSMINA,ES
3125,TETROFOSMINA (BIS)TETRAFLUOROBORATO,ES
3126,DEUTIVACAFTOR,ES
3127,VANZACAFTOR CALCICO,ES
3128,TEZEPELUMAB,ES
3129,"TFA HYNIC-[D-PHE1,TYR3-OCTREOTIDA]",ES
3130,THERIDION CURASSAVIC,ES
3131,THIAMAZOL,MD
3132,THIAMINI HYDROCHLORID,MD
3133,THUYA OCCIDENTALIS,ES
3134,THYMULINE,ES
3135,THYMULIN,ES
3136,TIAGABINA,ES
3137,TIAMAZOL,ES
3138,TIANEPTINA SODICA,ES
3139,TIAPRIDA,ES
3140,TIBOLONA,ES
3141,TICAGRELOR,MD
3142,TICLOPIDINA HIDRO,ES
3143,TIGECICLINA,ES
3144,TILDRAKIZUMAB,ES
3145,TIMOLOL,ES
3146,TIMOLOL MALEATO,ES
3147,TRAVOPROST,ES
3148,DORZOLAMIDA,ES
3149,TIMOLOL,MD
3150,TIMOLOLUM + LATANOPROST,MD
3151,TINIDAZOL,ES
3152,TINZAPARINA SODICA,ES
3153,TIOCONAZOL,ES
3154,TIOCTICO ACIDO,ES
3155,TIOGUANINA,ES
3156,TIOPENTAL,ES
3157,TIOSULFATO S,ES
3158,TIOTEPA,ES
3159,TIOTROPIO BROMURO,ES
3160,OLODATEROL,ES
3161,TIPRANAVIR,ES
3162,TIRBANIBULINA,ES
3163,TIROFIBAN,ES
3164,TIROFIBAN HIDRO,ES
3165,TIROTROPINA ALFA,ES
3166,TIROTROPINA,ES
3167,TIRZEPATIDA,ES
3168,TISAGENLECLEUCEL,ES
3169,TISLELIZUMAB,ES
3170,TISOTUMAB VEDOTINA,ES
3171,TIVOZANIB HIDRO,ES
3172,TIZANIDINA HIDRO,ES
3173,TIZANIDIN,MD
3174,TOBRAMICINA,ES
3175,TOCILIZUMAB,ES
3176,TOCOFERSOLAN,ES
3177,TOFACITINIB CITRATO,ES
3178,TOFERSEN,ES
3179,TOLCAPONA,ES
3180,TOLTERODINA TARTRATO,ES
3181,TOLVAPTAN,ES
3182,TOMILLO EXTRACTO LIQUIDO,ES
3183,HEDERA HELIX (HIEDRA) HOJA,ES
3184,EXTRACTO LIQUIDO ETANOLICO 70 %,ES
3185,TOPIRAMATO,ES
3186,TOPIRAMAT,MD
3187,TOPOTECAN,ES
3188,TOPOTECAN HIDRO,ES
3189,TORASEMIDA,ES
3190,TORASEMID,MD
3191,TOREMIFENO CITRATO,ES
3192,TORIPALIMAB,ES
3193,TOXINA BOTULINICA TIPO A,ES
3194,TOXOIDE DIFTERICO,ES
3195,TOXOIDE TETANICO,ES
3196,BORDETELLA PERTUSSIS TOXOIDE,ES
3197,BORDETELLA PERTUSSIS HEMAGLUTININA FILAMENTOSA,ES
3198,AGLUTINOGENO DE FIMBRIAS DE TOXOIDE PERTUSSIS,ES
3199,BORDETELLA PERTUSSIS PERTACTINA,ES
3200,ALUMINIO FOSFATO,ES
3201,CONJUGADO HAEMOPHILUS INFLUENZAE PRP-NEISSERIA MENINGITIDIS OMPC,ES
3202,POLISACARIDO CAPSULAR HAEMOPHILLUS INFLUENZAE TIPO B (PRP),ES
3203,BORDETELLA PERTUSSIS PROTEINA MEB EXTERNA 69KD,ES
3204,VIRUS POLIO TIPO I,ES
3205,VIRUS POLIO TIPO II,ES
3206,VIRUS POLIO TIPO III,ES
3207,H.INFLUENZAE TIPO B POLISACARIDO CONJUGADO TOXOIDE TETANICO,ES
3208,HAEMOPHILUS INFLUENZAE TIPO B,ES
3209,H INFLUENZ,ES
3210,TOZINAMERAN,ES
3211,FAMTOZINAMERAN,ES
3212,TRABECTEDINA,ES
3213,TRALOKINUMAB,ES
3214,TRAMETINIB,ES
3215,TRAMETINIB DIMETIL SULFOXIDO,ES
3216,TRANDOLAPRIL,ES
3217,TRANEXAMICO ACIDO,ES
3218,TRANILCIPROMINA,ES
3219,TRASTUZUMAB,ES
3220,TRASTUZUMAB DERUXTECAN,ES
3221,TRASTUZUMAB EMTANSINA,ES
3222,TRAVOPROST,MD
3223,TRAVOPROSTUM+TIMOLOL,MD
3224,TRAZODONA HIDRO,ES
3225,TREMELIMUMAB,ES
3226,TREOSULFANO,ES
3227,TREPROSTINILO,ES
3228,TRETINOINA,ES
3229,TRIAMCINOLONA ACETONIDO,ES
3230,TRIAMCINOLONA DI,ES
3231,TRIAZOL,ES
3232,TRIENTINA DIHIDRO,ES
3233,TRIENTINA TETRAHIDRO,ES
3234,TRIFAROTENO,ES
3235,TRIFLUOPERAZIN,MD
3236,TRIFLURIDINA,ES
3237,TIPIRACILO,ES
3238,TRIFLUSAL,ES
3239,TRIGONELLA FOENUM-GRAEC,ES
3240,TRIHEXIFENIDIL HIDRO,ES
3241,TRIHEXYPHENIDYL,MD
3242,TRIMEBUTINA MALEATO,ES
3243,TRIMETAZIDINA DIHIDRO,ES
3244,TRIMIPRAMINA MALEATO,ES
3245,TRIPELENAMINA HIDRO,ES
3246,TRIPHYLITE,ES
3247,TRIPROLIDINA HIDRO,ES
3248,HIDROXIMETIONINA,ES
3249,CETO ISOLEUCINA,ES
3250,CETO LEUCINA,ES
3251,CETO FENILALANINA,ES
3252,CETO VALINA,ES
3253,TRIPTORELINA,ES
3254,TRIPTORELINA PAMOATO,ES
3255,TROLAMINA SALICILATO,ES
3256,TROSPIO,ES
3257,TROXERUTINA,ES
3258,TUBERCULINA,ES
3259,TUBERCULINUM AVIAIRE,ES
3260,TUBERCULIN,ES
3261,TUBERCULINUM RESIDU,ES
3262,TUCATINIB HEMI-ETANOLATO,ES
3263,TURNERA DIFFUSA,ES
3264,TUROCTOCOG ALFA,ES
3265,TUROCTOCOG ALFA PEGOL,ES
3266,TURQUOISE,ES
3267,UBLITUXIMAB,ES
3268,ULEXITE,ES
3269,ULIPRISTAL,ES
3270,UPADACITINIB,ES
3271,URAPI,ES
3272,UREA,ES
3273,URIDINA,ES
3274,CITIDINA-5-MONOFOSFATO DIS,ES
3275,UROFOLITROPINA,ES
3276,UROQUINASA,ES
3277,URSODEOXICOLICO ACIDO,ES
3278,URTICA DIOICA,ES
3279,URTICA SP,ES
3280,USTEKINUMAB,ES
3281,USTILAGO MAYDIS,ES
3282,VACUNA (RSVPREF) DE SUBUNIDAD F ESTABILIZADA EN PREFUSION FRENTE AL VIRUS RESPIRATORIO SINCITIAL.,ES
3283,VACUNA DE ARNM QUE CODIFICA LA PROTEINA DE LA ESPICULA (S) VIRAL DEL SARS-COV-2 (OMICRON LP.8.1),ES
3284,VACUNA DE PROTEINA RECOMBINANTE DE HETERODIMEROS DEL DOMINIO DE UNION AL RECEPTOR (RBD) DEL VIRUS SARS-COV-2 ADYUVADA (HIPRA),ES
3285,VACUNA DE PROTEINA RECOMBINANTE DE HOMODIMEROS DEL DOMINIO DE UNION AL RECEPTOR (RBD) DEL VIRUS SARS-COV-2 (CEPA OMICRON LP.8.1 – LP.8.1) ADYUVADA,ES
3286,VACUNA DE PROTEINA RECOMBINANTE DE LA ESPICULA DE SARS-COV-2 (OMICRON XBB.1.5)(NOVAVAX),ES
3287,VACUNA DE PROTEINA RECOMBINANTE DE LA ESPICULA FRENTE A COVID-19 (NOVAVAX),ES
3288,VACUNA DE VECTOR VACCINIA ANKARA MODIFICADO,ES
3289,MULTIVALENTE,ES
3290,VIVA,ES
3291,RECOMBINANTE,ES
3292,NO REPLICATIVO EN CELULAS HUMANAS,ES
3293,QUE EXPRESA LAS GLICOPROTEINAS (GP) DE LOS VIRUS DEL EBOLA MAYINGA,ES
3294,SUDAN GULU,ES
3295,MARBURGO Y MUSOKE Y NUCLOPROTEINA DEL VIRUS TAI FOREST,ES
3296,VALACICLOVIR,ES
3297,VALACICLOVIR  HIDRO,ES
3298,VALERIANA RAIZ,ES
3299,VALERIANA RIZOMA,ES
3300,VALGANCICLOVIR,ES
3301,VALGANCICLOVIR HIDRO,ES
3302,VALOCTOCOGEN ROXAPARVOVEC,ES
3303,VALPROATO S,ES
3304,VALPROICO ACIDO,ES
3305,VALSARTAN,ES
3306,VALSARTAN DIS,ES
3307,SACUBITRILO S,ES
3308,DIHIDROCLOROTIAZIDA,ES
3309,SACUBITRILO,ES
3310,VALSARTAN,MD
3311,VALSARTANUM+HYDROCHLORTHIAZID,MD
3312,VAMOROLONA,ES
3313,VANADIUM METALLIC,ES
3314,VANCOMICINA HIDRO,ES
3315,VANDETANIB,ES
3316,VARDENAFILO HIDRO,ES
3317,VARENICLINA,ES
3318,VARENICLINA CITRATO,ES
3319,VARENICLINA TARTRATO,ES
3320,VASELINA,ES
3321,VASELINA FILANTE BLANCA,ES
3322,VECTOR ADENOVIRUS DE TIPO 26 (AD26) QUE CODIFICA LA GLUCOPROTEINA (GP) DE LA VARIANTE MAYINGA DE ZAIRE EBOLAVIR,ES
3323,VEDOLIZUMAB,ES
3324,VELAGLUCERASA ALFA,ES
3325,VELMANASA ALFA,ES
3326,VEMURAFENIB,ES
3327,VENENO DE APIS MELLIFERA,ES
3328,VENENO DE VESPULA SPP,ES
3329,VENETOCLAX,ES
3330,VENLAFAXINA  HIDRO,ES
3331,VERAPAMILO HIDRO,ES
3332,VERAPAMIL,MD
3333,VERATRUM VIRIDE,ES
3334,VERBASCUM THAPS,ES
3335,VERDE INDOCIANINA,ES
3336,VERICIGUAT,ES
3337,VERNAKALANT HIDRO,ES
3338,VERTEPORFINA,ES
3339,VESTRONIDASA ALFA,ES
3340,VIBEGRON,ES
3341,VIBRIO CHOLERAE  CEPA CVD 103HGR,ES
3342,VIBRIO CHOLERAE O1 INABA,ES
3343,BIOTIPO CLASICO (INACTIVADO POR CALOR),ES
3344,TOXINA COLERA RECOMBINANTE SUBUNIDAD B,ES
3345,VIGABATRINA,ES
3346,VIMSELTINIB,ES
3347,VINBLASTINA,ES
3348,VINCRISTINA,ES
3349,VINFLUNINA,ES
3350,VINORELBINA TARTRATO,ES
3351,VINPOCETINA,ES
3352,VIOLA ODORATA,ES
3353,VIOLA TRICOLOR,ES
3354,VIPERA ASPIS,ES
3355,VIROLA SEBIFERA,ES
3356,VIRUS CHIKUNGUNYA DE PROTEINAS DE PARTICULAS SEUDOVIRALES,ES
3357,VIRUS CHIKUNGUNYA,ES
3358,VIVO ATENUADO CEPA DELTA5NSP3,ES
3359,VIRUS ENCEFALITIS JAPONESA CEPA SA 14-2 INACTIVADA,ES
3360,VIRUS FIEBRE AMARILLA CEPA 17D,ES
3361,VIRUS GRIPE A H1N1 RECOMBINANTE HEMAGLUTININA,ES
3362,VIRUS GRIPE A H3N2 RECOMBINANTE HEMAGLUTININA,ES
3363,VIRUS GRIPE B (VICTORIA) RECOMBINANTE,ES
3364,VIRUS GRIPE B (YAMAGATA) RECOMBINANTE,ES
3365,VIRUS GRIPE A H3N2 INACTIVADO FRACCIONADO,ES
3366,VIRUS GRIPE A H1N1 INACTIVADO FRACCIONADO,ES
3367,VIRUS GRIPE B INACTIVADO FRACCIONADO,ES
3368,VIRUS GRIPE B INACTIVADO,ES
3369,VIRUS GRIPE A H3N2 INACTIVADO,ES
3370,VIRUS GRIPE A H1N1 INACTIVADO,ES
3371,ANTIGENO DE UNA CEPA SIMILAR A B  (LINAJE VICTORIA),ES
3372,VIRUS INFLUENZA GRIPE CEPA SIMILAR A B/AUSTRIA/1359417/2021-(B/AUSTRIA/1359417/2021,ES
3373,BVR-26),ES
3374,VIRUS GRIPE A H5N1 INACTIVADO,ES
3375,VIRUS GRIPE A H5N1 VIVO ATENUADO,ES
3376,VIRUS GRIPE B INACTIVADO HEMAGLUTININA,ES
3377,VIRUS INFLUENZA GRIPE A/VICTORIA/4897/2022 IVR-238 (H1N1),ES
3378,INACTIVADO,ES
3379,VIRUS INFLUENZA GRIPE A/THAILAND/8/2022 (H3N2) IVR-237 CEPA SIMILAR A (A/THAILAND/8/2022),ES
3380,VIRUS INFLUENZA GRIPE,ES
3381,"VIVO ATENUADO,REASORTANTE CEPA SIMILAR A A/ VICTORIA/4897/2022 (H1N1) PDM09",ES
3382,"VIRUS INFLUENZA GRIPE REASORTANTE,VIVO",ES
3383,ATENUADO,ES
3384,CEPA SIMILAR A B/ AUSTRIA/1359417/2021,ES
3385,VIVO ATENUADO  CEPA SIMILAR A A/CROATIA/10136RV/2023 (H3N2),ES
3386,(A/PERTH/722/2024,ES
3387,VIRUS MEDI 392611),ES
3388,VIRUS PAPILOMA HUMANO TIPO 16 PROTEINA L1,ES
3389,VIRUS PAPILOMA HUMANO TIPO 18 PROTEINA L1,ES
3390,VIRUS PAPILOMA HUMANO TIPO 6 PROTEINA L1,ES
3391,VIRUS PAPILOMA HUMANO TIPO 11 PROTEINA L1,ES
3392,VIRUS PAPILOMA HUMANO TIPO 31 PROTEINA L1,ES
3393,VIRUS PAPILOMA HUMANO TIPO 33 PROTEINA L1,ES
3394,VIRUS PAPILOMA HUMANO TIPO 45 PROTEINA L1,ES
3395,VIRUS PAPILOMA HUMANO TIPO 52 PROTEINA L1,ES
3396,VIRUS PAPILOMA HUMANO TIPO 58 PROTEINA L1,ES
3397,VIRUS RABIA INACTIVADO,ES
3398,VIRUS RABIA,ES
3399,CEPA WISTAR (PM/WI 38-1503-3M),ES
3400,VIRUS RUBEOLA HIPERATENUADO,ES
3401,VIRUS SARAMPION HIPERATENUADO,ES
3402,VIRUS PAROTIDITIS ATENUADO,ES
3403,VIRUS RUBEOLA,ES
3404,VIRUS SARAMPION,ES
3405,VIRUS PAROTIDITIS,ES
3406,VIRUS VARICELA,ES
3407,VIRUS SINCITIAL RESPIRATORIO,ES
3408,SUBGROUPO A,ES
3409,SUBUNIDAD F PROTEINA 847A ESTABILIZADA EN PREFUSION,ES
3410,SUBGROUPO B,ES
3411,SUBUNIDAD F PROTEINA 847B ESTABILIZADA EN PREFUSION,ES
3412,VIRUS VARICELA-ZOSTER ATENUADOS CEPA OKA,ES
3413,VIRUS VIVO MODIFICADO DE LA VIRUELA VACUNOIDE ANKARA,ES
3414,VISMODEGIB,ES
3415,VITAMINA E,ES
3416,VITEX AGNUS-CAST,ES
3417,VITIS VINIFERA,ES
3418,VITIS VINIFERA HOJA EXTRACTO SECO,ES
3419,VOCLOSPORINA,ES
3420,VOLANESORSEN S,ES
3421,VORASIDENIB HEMICITRATO,ES
3422,VORETIGEN NEPARVOVEC,ES
3423,VORICONAZOL,ES
3424,VORTIOXETINA HIDROBROMURO,ES
3425,VORTIOXETINA LACTATO,ES
3426,VOSORITIDA,ES
3427,VUTRISIRAN,ES
3428,WARFARINA SODICA,ES
3429,WARFARIN,MD
3430,XIPAMIDA,ES
3431,YEDRA,ES
3432,YERSIN SER,ES
3433,YODO,ES
3434,YTRIO Y-90,ES
3435,YTRIO Y-90 CITRATO,ES
3436,YUCCA FILAMENTOSA,ES
3437,ZANAMIVIR,ES
3438,ZANUBRUTINIB,ES
3439,ZICONOTIDA,ES
3440,ZILUCOPLAN,ES
3441,ZINC OXIDO,ES
3442,MAIZ ALMIDON,ES
3443,LEVOMENTOL,ES
3444,TALCO,ES
3445,ZINCUM ACETIC,ES
3446,ZINCUM CHLORAT,ES
3447,MEDICAGO SATIVA,ES
3448,ZINCUM PHOSPHORIC,ES
3449,ZINCUM SULFURIC,ES
3450,ZINGIBER OFFICINALE,ES
3451,ZIPRASIDONA,ES
3452,ZIPRASIDONA HIDRO,ES
3453,ZIPRASIDONA HIDROGENO,ES
3454,ZIPRASIDONA MESILATO,ES
3455,ZIZIA AUREA,ES
3456,ZOLBETUXIMAB,ES
3457,ZOLMITRIPTAN,ES
3458,ZOLPID,ES
3459,ZOLPIDEM  HEMITARTRATO,ES
3460,ZOLPIDEM TARTRATO,ES
3461,ZONISAMIDA,ES
3462,ZOPICLONA,ES
3463,ZUCLOPENTIXOL,ES
3464,ZUCLOPENTIXOL DECANOATO,ES
3465,ZUCLOPENTIXOL DIHIDRO,ES
3466,[TETRAKIS (2-METOXI-2-METILPROPIL-1-ISOCIANURO) COBRE (I)],ES
3467,TETRAFLUOROBORATO DE,ES
